Date,Travelers_Total,Year,Month,DayOfWeek
2017-07-01,459941,2017,7,5
2017-07-02,508910,2017,7,6
2017-07-03,471930,2017,7,0
2017-07-04,319969,2017,7,1
2017-07-05,278302,2017,7,2
2017-07-06,582643,2017,7,3
2017-07-07,549093,2017,7,4
2017-07-08,540831,2017,7,5
2017-07-09,476133,2017,7,6
2017-07-10,464369,2017,7,0
2017-07-11,323737,2017,7,1
2017-07-12,266982,2017,7,2
2017-07-13,404134,2017,7,3
2017-07-14,577374,2017,7,4
2017-07-15,638834,2017,7,5
2017-07-16,554495,2017,7,6
2017-07-17,502493,2017,7,0
2017-07-18,324015,2017,7,1
2017-07-19,326293,2017,7,2
2017-07-20,501945,2017,7,3
2017-07-21,623791,2017,7,4
2017-07-22,604447,2017,7,5
2017-07-23,477821,2017,7,6
2017-07-24,449540,2017,7,0
2017-07-25,338276,2017,7,1
2017-07-26,320594,2017,7,2
2017-07-27,470124,2017,7,3
2017-07-28,578746,2017,7,4
2017-07-29,588492,2017,7,5
2017-07-30,625026,2017,7,6
2017-07-31,437661,2017,7,0
2017-08-01,284245,2017,8,1
2017-08-02,340933,2017,8,2
2017-08-03,537826,2017,8,3
2017-08-04,509345,2017,8,4
2017-08-05,571593,2017,8,5
2017-08-06,572069,2017,8,6
2017-08-07,461235,2017,8,0
2017-08-08,329369,2017,8,1
2017-08-09,298748,2017,8,2
2017-08-10,349309,2017,8,3
2017-08-11,475388,2017,8,4
2017-08-12,513981,2017,8,5
2017-08-13,593553,2017,8,6
2017-08-14,447903,2017,8,0
2017-08-15,312058,2017,8,1
2017-08-16,299815,2017,8,2
2017-08-17,482296,2017,8,3
2017-08-18,607509,2017,8,4
2017-08-19,591735,2017,8,5
2017-08-20,567277,2017,8,6
2017-08-21,385789,2017,8,0
2017-08-22,317566,2017,8,1
2017-08-23,393235,2017,8,2
2017-08-24,503347,2017,8,3
2017-08-25,452622,2017,8,4
2017-08-26,531883,2017,8,5
2017-08-27,554277,2017,8,6
2017-08-28,418077,2017,8,0
2017-08-29,253136,2017,8,1
2017-08-30,332394,2017,8,2
2017-08-31,416919,2017,8,3
2017-09-01,410777,2017,9,4
2017-09-02,429905,2017,9,5
2017-09-03,439755,2017,9,6
2017-09-04,376799,2017,9,0
2017-09-05,250038,2017,9,1
2017-09-06,268244,2017,9,2
2017-09-07,310862,2017,9,3
2017-09-08,459577,2017,9,4
2017-09-09,318405,2017,9,5
2017-09-10,432811,2017,9,6
2017-09-11,411808,2017,9,0
2017-09-12,245228,2017,9,1
2017-09-13,293935,2017,9,2
2017-09-14,420729,2017,9,3
2017-09-15,298276,2017,9,4
2017-09-16,438967,2017,9,5
2017-09-17,317536,2017,9,6
2017-09-18,372683,2017,9,0
2017-09-19,274088,2017,9,1
2017-09-20,206192,2017,9,2
2017-09-21,449735,2017,9,3
2017-09-22,458462,2017,9,4
2017-09-23,407871,2017,9,5
2017-09-24,511028,2017,9,6
2017-09-25,309421,2017,9,0
2017-09-26,240570,2017,9,1
2017-09-27,211214,2017,9,2
2017-09-28,445066,2017,9,3
2017-09-29,460527,2017,9,4
2017-09-30,475104,2017,9,5
2017-10-01,459130,2017,10,6
2017-10-02,398781,2017,10,0
2017-10-03,276426,2017,10,1
2017-10-04,281715,2017,10,2
2017-10-05,381200,2017,10,3
2017-10-06,418588,2017,10,4
2017-10-07,443635,2017,10,5
2017-10-08,457908,2017,10,6
2017-10-09,381311,2017,10,0
2017-10-10,233751,2017,10,1
2017-10-11,237394,2017,10,2
2017-10-12,417980,2017,10,3
2017-10-13,432030,2017,10,4
2017-10-14,471776,2017,10,5
2017-10-15,397036,2017,10,6
2017-10-16,321583,2017,10,0
2017-10-17,251146,2017,10,1
2017-10-18,268180,2017,10,2
2017-10-19,352056,2017,10,3
2017-10-20,503386,2017,10,4
2017-10-21,453715,2017,10,5
2017-10-22,528123,2017,10,6
2017-10-23,392393,2017,10,0
2017-10-24,208112,2017,10,1
2017-10-25,303250,2017,10,2
2017-10-26,320210,2017,10,3
2017-10-27,455989,2017,10,4
2017-10-28,411185,2017,10,5
2017-10-29,541217,2017,10,6
2017-10-30,431435,2017,10,0
2017-10-31,253937,2017,10,1
2017-11-01,311410,2017,11,2
2017-11-02,444322,2017,11,3
2017-11-03,556827,2017,11,4
2017-11-04,514065,2017,11,5
2017-11-05,460037,2017,11,6
2017-11-06,402592,2017,11,0
2017-11-07,315286,2017,11,1
2017-11-08,354366,2017,11,2
2017-11-09,452269,2017,11,3
2017-11-10,472927,2017,11,4
2017-11-11,545804,2017,11,5
2017-11-12,492735,2017,11,6
2017-11-13,472332,2017,11,0
2017-11-14,395136,2017,11,1
2017-11-15,304109,2017,11,2
2017-11-16,468480,2017,11,3
2017-11-17,474364,2017,11,4
2017-11-18,506816,2017,11,5
2017-11-19,514086,2017,11,6
2017-11-20,425313,2017,11,0
2017-11-21,393118,2017,11,1
2017-11-22,305757,2017,11,2
2017-11-23,459166,2017,11,3
2017-11-24,413640,2017,11,4
2017-11-25,534713,2017,11,5
2017-11-26,571109,2017,11,6
2017-11-27,410831,2017,11,0
2017-11-28,236248,2017,11,1
2017-11-29,314208,2017,11,2
2017-11-30,434459,2017,11,3
2017-12-01,549684,2017,12,4
2017-12-02,615644,2017,12,5
2017-12-03,493090,2017,12,6
2017-12-04,396575,2017,12,0
2017-12-05,278620,2017,12,1
2017-12-06,321675,2017,12,2
2017-12-07,454504,2017,12,3
2017-12-08,484602,2017,12,4
2017-12-09,552484,2017,12,5
2017-12-10,536425,2017,12,6
2017-12-11,435589,2017,12,0
2017-12-12,286963,2017,12,1
2017-12-13,300228,2017,12,2
2017-12-14,328332,2017,12,3
2017-12-15,524656,2017,12,4
2017-12-16,513921,2017,12,5
2017-12-17,522231,2017,12,6
2017-12-18,455587,2017,12,0
2017-12-19,327597,2017,12,1
2017-12-20,311946,2017,12,2
2017-12-21,435824,2017,12,3
2017-12-22,440589,2017,12,4
2017-12-23,482651,2017,12,5
2017-12-24,515157,2017,12,6
2017-12-25,401799,2017,12,0
2017-12-26,342559,2017,12,1
2017-12-27,294652,2017,12,2
2017-12-28,443095,2017,12,3
2017-12-29,518545,2017,12,4
2017-12-30,550823,2017,12,5
2017-12-31,558742,2017,12,6
2018-01-01,322653,2018,1,0
2018-01-02,173216,2018,1,1
2018-01-03,245630,2018,1,2
2018-01-04,347795,2018,1,3
2018-01-05,339379,2018,1,4
2018-01-06,365009,2018,1,5
2018-01-07,324806,2018,1,6
2018-01-08,242928,2018,1,0
2018-01-09,203218,2018,1,1
2018-01-10,207575,2018,1,2
2018-01-11,291007,2018,1,3
2018-01-12,322378,2018,1,4
2018-01-13,330419,2018,1,5
2018-01-14,356178,2018,1,6
2018-01-15,278475,2018,1,0
2018-01-16,231354,2018,1,1
2018-01-17,234385,2018,1,2
2018-01-18,373533,2018,1,3
2018-01-19,396709,2018,1,4
2018-01-20,365239,2018,1,5
2018-01-21,334454,2018,1,6
2018-01-22,310576,2018,1,0
2018-01-23,226594,2018,1,1
2018-01-24,208164,2018,1,2
2018-01-25,325360,2018,1,3
2018-01-26,306718,2018,1,4
2018-01-27,347856,2018,1,5
2018-01-28,376391,2018,1,6
2018-01-29,293037,2018,1,0
2018-01-30,214891,2018,1,1
2018-01-31,216404,2018,1,2
2018-02-01,276502,2018,2,3
2018-02-02,398428,2018,2,4
2018-02-03,320270,2018,2,5
2018-02-04,367915,2018,2,6
2018-02-05,314194,2018,2,0
2018-02-06,198612,2018,2,1
2018-02-07,221032,2018,2,2
2018-02-08,274269,2018,2,3
2018-02-09,406171,2018,2,4
2018-02-10,315965,2018,2,5
2018-02-11,333254,2018,2,6
2018-02-12,264777,2018,2,0
2018-02-13,189636,2018,2,1
2018-02-14,254343,2018,2,2
2018-02-15,318090,2018,2,3
2018-02-16,361573,2018,2,4
2018-02-17,333159,2018,2,5
2018-02-18,388933,2018,2,6
2018-02-19,276846,2018,2,0
2018-02-20,236842,2018,2,1
2018-02-21,200282,2018,2,2
2018-02-22,282268,2018,2,3
2018-02-23,383609,2018,2,4
2018-02-24,387372,2018,2,5
2018-02-25,377875,2018,2,6
2018-02-26,270043,2018,2,0
2018-02-27,209625,2018,2,1
2018-02-28,222870,2018,2,2
2018-03-01,345112,2018,3,3
2018-03-02,506819,2018,3,4
2018-03-03,338655,2018,3,5
2018-03-04,411004,2018,3,6
2018-03-05,357924,2018,3,0
2018-03-06,196279,2018,3,1
2018-03-07,235988,2018,3,2
2018-03-08,400724,2018,3,3
2018-03-09,447063,2018,3,4
2018-03-10,515830,2018,3,5
2018-03-11,514586,2018,3,6
2018-03-12,393473,2018,3,0
2018-03-13,282876,2018,3,1
2018-03-14,276093,2018,3,2
2018-03-15,277007,2018,3,3
2018-03-16,383556,2018,3,4
2018-03-17,450201,2018,3,5
2018-03-18,473171,2018,3,6
2018-03-19,388066,2018,3,0
2018-03-20,249806,2018,3,1
2018-03-21,299996,2018,3,2
2018-03-22,433051,2018,3,3
2018-03-23,487521,2018,3,4
2018-03-24,489821,2018,3,5
2018-03-25,420788,2018,3,6
2018-03-26,417719,2018,3,0
2018-03-27,278282,2018,3,1
2018-03-28,288316,2018,3,2
2018-03-29,390923,2018,3,3
2018-03-30,440299,2018,3,4
2018-03-31,407382,2018,3,5
2018-04-01,442053,2018,4,6
2018-04-02,414356,2018,4,0
2018-04-03,262175,2018,4,1
2018-04-04,298788,2018,4,2
2018-04-05,404940,2018,4,3
2018-04-06,432389,2018,4,4
2018-04-07,507614,2018,4,5
2018-04-08,429866,2018,4,6
2018-04-09,434073,2018,4,0
2018-04-10,286192,2018,4,1
2018-04-11,273849,2018,4,2
2018-04-12,343659,2018,4,3
2018-04-13,441780,2018,4,4
2018-04-14,436632,2018,4,5
2018-04-15,389629,2018,4,6
2018-04-16,368934,2018,4,0
2018-04-17,252237,2018,4,1
2018-04-18,290357,2018,4,2
2018-04-19,426407,2018,4,3
2018-04-20,391028,2018,4,4
2018-04-21,522033,2018,4,5
2018-04-22,439984,2018,4,6
2018-04-23,340369,2018,4,0
2018-04-24,295069,2018,4,1
2018-04-25,262039,2018,4,2
2018-04-26,374059,2018,4,3
2018-04-27,427694,2018,4,4
2018-04-28,409310,2018,4,5
2018-04-29,477983,2018,4,6
2018-04-30,366344,2018,4,0
2018-05-01,234879,2018,5,1
2018-05-02,289399,2018,5,2
2018-05-03,331674,2018,5,3
2018-05-04,394311,2018,5,4
2018-05-05,498870,2018,5,5
2018-05-06,392391,2018,5,6
2018-05-07,289779,2018,5,0
2018-05-08,291369,2018,5,1
2018-05-09,265950,2018,5,2
2018-05-10,368933,2018,5,3
2018-05-11,431696,2018,5,4
2018-05-12,456039,2018,5,5
2018-05-13,412164,2018,5,6
2018-05-14,432812,2018,5,0
2018-05-15,233794,2018,5,1
2018-05-16,286487,2018,5,2
2018-05-17,401359,2018,5,3
2018-05-18,411855,2018,5,4
2018-05-19,400084,2018,5,5
2018-05-20,491050,2018,5,6
2018-05-21,339772,2018,5,0
2018-05-22,257645,2018,5,1
2018-05-23,298622,2018,5,2
2018-05-24,378452,2018,5,3
2018-05-25,365612,2018,5,4
2018-05-26,523582,2018,5,5
2018-05-27,422090,2018,5,6
2018-05-28,361952,2018,5,0
2018-05-29,281300,2018,5,1
2018-05-30,291429,2018,5,2
2018-05-31,451103,2018,5,3
2018-06-01,446067,2018,6,4
2018-06-02,579033,2018,6,5
2018-06-03,574597,2018,6,6
2018-06-04,446363,2018,6,0
2018-06-05,355054,2018,6,1
2018-06-06,359892,2018,6,2
2018-06-07,390027,2018,6,3
2018-06-08,628444,2018,6,4
2018-06-09,451485,2018,6,5
2018-06-10,474133,2018,6,6
2018-06-11,440723,2018,6,0
2018-06-12,392499,2018,6,1
2018-06-13,318995,2018,6,2
2018-06-14,451125,2018,6,3
2018-06-15,611452,2018,6,4
2018-06-16,518794,2018,6,5
2018-06-17,471827,2018,6,6
2018-06-18,433688,2018,6,0
2018-06-19,374260,2018,6,1
2018-06-20,331474,2018,6,2
2018-06-21,539946,2018,6,3
2018-06-22,574325,2018,6,4
2018-06-23,500368,2018,6,5
2018-06-24,537588,2018,6,6
2018-06-25,413956,2018,6,0
2018-06-26,307141,2018,6,1
2018-06-27,476567,2018,6,2
2018-06-28,498670,2018,6,3
2018-06-29,580913,2018,6,4
2018-06-30,501525,2018,6,5
2018-07-01,618807,2018,7,6
2018-07-02,502327,2018,7,0
2018-07-03,391074,2018,7,1
2018-07-04,389477,2018,7,2
2018-07-05,385631,2018,7,3
2018-07-06,475496,2018,7,4
2018-07-07,481168,2018,7,5
2018-07-08,484369,2018,7,6
2018-07-09,467209,2018,7,0
2018-07-10,310486,2018,7,1
2018-07-11,397359,2018,7,2
2018-07-12,538771,2018,7,3
2018-07-13,534511,2018,7,4
2018-07-14,639438,2018,7,5
2018-07-15,614450,2018,7,6
2018-07-16,432173,2018,7,0
2018-07-17,263010,2018,7,1
2018-07-18,321967,2018,7,2
2018-07-19,423397,2018,7,3
2018-07-20,545902,2018,7,4
2018-07-21,539629,2018,7,5
2018-07-22,538227,2018,7,6
2018-07-23,476271,2018,7,0
2018-07-24,289232,2018,7,1
2018-07-25,342681,2018,7,2
2018-07-26,432675,2018,7,3
2018-07-27,545553,2018,7,4
2018-07-28,586064,2018,7,5
2018-07-29,469369,2018,7,6
2018-07-30,439840,2018,7,0
2018-07-31,325240,2018,7,1
2018-08-01,312215,2018,8,2
2018-08-02,493294,2018,8,3
2018-08-03,496326,2018,8,4
2018-08-04,505151,2018,8,5
2018-08-05,496886,2018,8,6
2018-08-06,501994,2018,8,0
2018-08-07,312933,2018,8,1
2018-08-08,344284,2018,8,2
2018-08-09,541985,2018,8,3
2018-08-10,530855,2018,8,4
2018-08-11,594336,2018,8,5
2018-08-12,624250,2018,8,6
2018-08-13,499058,2018,8,0
2018-08-14,328588,2018,8,1
2018-08-15,350276,2018,8,2
2018-08-16,394307,2018,8,3
2018-08-17,493135,2018,8,4
2018-08-18,502515,2018,8,5
2018-08-19,654697,2018,8,6
2018-08-20,415795,2018,8,0
2018-08-21,301906,2018,8,1
2018-08-22,294782,2018,8,2
2018-08-23,477906,2018,8,3
2018-08-24,542485,2018,8,4
2018-08-25,592983,2018,8,5
2018-08-26,570759,2018,8,6
2018-08-27,390098,2018,8,0
2018-08-28,302571,2018,8,1
2018-08-29,374080,2018,8,2
2018-08-30,443370,2018,8,3
2018-08-31,598376,2018,8,4
2018-09-01,439042,2018,9,5
2018-09-02,402584,2018,9,6
2018-09-03,365704,2018,9,0
2018-09-04,247732,2018,9,1
2018-09-05,258772,2018,9,2
2018-09-06,384719,2018,9,3
2018-09-07,468516,2018,9,4
2018-09-08,374836,2018,9,5
2018-09-09,444939,2018,9,6
2018-09-10,355018,2018,9,0
2018-09-11,256499,2018,9,1
2018-09-12,277924,2018,9,2
2018-09-13,356382,2018,9,3
2018-09-14,507317,2018,9,4
2018-09-15,498667,2018,9,5
2018-09-16,498389,2018,9,6
2018-09-17,358476,2018,9,0
2018-09-18,247885,2018,9,1
2018-09-19,276534,2018,9,2
2018-09-20,371471,2018,9,3
2018-09-21,418577,2018,9,4
2018-09-22,393309,2018,9,5
2018-09-23,443863,2018,9,6
2018-09-24,361902,2018,9,0
2018-09-25,293165,2018,9,1
2018-09-26,292527,2018,9,2
2018-09-27,418657,2018,9,3
2018-09-28,389585,2018,9,4
2018-09-29,463589,2018,9,5
2018-09-30,413289,2018,9,6
2018-10-01,331115,2018,10,0
2018-10-02,262529,2018,10,1
2018-10-03,303597,2018,10,2
2018-10-04,363100,2018,10,3
2018-10-05,515488,2018,10,4
2018-10-06,470178,2018,10,5
2018-10-07,428148,2018,10,6
2018-10-08,420892,2018,10,0
2018-10-09,286501,2018,10,1
2018-10-10,248706,2018,10,2
2018-10-11,447245,2018,10,3
2018-10-12,457279,2018,10,4
2018-10-13,446551,2018,10,5
2018-10-14,407581,2018,10,6
2018-10-15,421627,2018,10,0
2018-10-16,288473,2018,10,1
2018-10-17,291544,2018,10,2
2018-10-18,358000,2018,10,3
2018-10-19,482891,2018,10,4
2018-10-20,486354,2018,10,5
2018-10-21,415905,2018,10,6
2018-10-22,323701,2018,10,0
2018-10-23,290231,2018,10,1
2018-10-24,231130,2018,10,2
2018-10-25,382875,2018,10,3
2018-10-26,425779,2018,10,4
2018-10-27,500031,2018,10,5
2018-10-28,428204,2018,10,6
2018-10-29,418901,2018,10,0
2018-10-30,260181,2018,10,1
2018-10-31,301713,2018,10,2
2018-11-01,523073,2018,11,3
2018-11-02,457826,2018,11,4
2018-11-03,527539,2018,11,5
2018-11-04,653465,2018,11,6
2018-11-05,436602,2018,11,0
2018-11-06,317376,2018,11,1
2018-11-07,340299,2018,11,2
2018-11-08,435495,2018,11,3
2018-11-09,425063,2018,11,4
2018-11-10,570608,2018,11,5
2018-11-11,409905,2018,11,6
2018-11-12,415637,2018,11,0
2018-11-13,353513,2018,11,1
2018-11-14,304181,2018,11,2
2018-11-15,403627,2018,11,3
2018-11-16,557639,2018,11,4
2018-11-17,468945,2018,11,5
2018-11-18,449923,2018,11,6
2018-11-19,445620,2018,11,0
2018-11-20,309658,2018,11,1
2018-11-21,276199,2018,11,2
2018-11-22,461339,2018,11,3
2018-11-23,536379,2018,11,4
2018-11-24,494131,2018,11,5
2018-11-25,497638,2018,11,6
2018-11-26,454115,2018,11,0
2018-11-27,352975,2018,11,1
2018-11-28,306507,2018,11,2
2018-11-29,462108,2018,11,3
2018-11-30,541541,2018,11,4
2018-12-01,557641,2018,12,5
2018-12-02,514585,2018,12,6
2018-12-03,394145,2018,12,0
2018-12-04,300839,2018,12,1
2018-12-05,326242,2018,12,2
2018-12-06,512583,2018,12,3
2018-12-07,487761,2018,12,4
2018-12-08,553822,2018,12,5
2018-12-09,495755,2018,12,6
2018-12-10,438505,2018,12,0
2018-12-11,363227,2018,12,1
2018-12-12,339535,2018,12,2
2018-12-13,379877,2018,12,3
2018-12-14,483227,2018,12,4
2018-12-15,576961,2018,12,5
2018-12-16,519843,2018,12,6
2018-12-17,383887,2018,12,0
2018-12-18,289595,2018,12,1
2018-12-19,337618,2018,12,2
2018-12-20,476842,2018,12,3
2018-12-21,513486,2018,12,4
2018-12-22,639448,2018,12,5
2018-12-23,554814,2018,12,6
2018-12-24,423153,2018,12,0
2018-12-25,289698,2018,12,1
2018-12-26,284677,2018,12,2
2018-12-27,448261,2018,12,3
2018-12-28,487517,2018,12,4
2018-12-29,598362,2018,12,5
2018-12-30,587729,2018,12,6
2018-12-31,461170,2018,12,0
2019-01-01,193557,2019,1,1
2019-01-02,204677,2019,1,2
2019-01-03,339599,2019,1,3
2019-01-04,336493,2019,1,4
2019-01-05,396583,2019,1,5
2019-01-06,373493,2019,1,6
2019-01-07,303274,2019,1,0
2019-01-08,204005,2019,1,1
2019-01-09,217360,2019,1,2
2019-01-10,307435,2019,1,3
2019-01-11,393388,2019,1,4
2019-01-12,324988,2019,1,5
2019-01-13,347199,2019,1,6
2019-01-14,303066,2019,1,0
2019-01-15,233969,2019,1,1
2019-01-16,199493,2019,1,2
2019-01-17,261991,2019,1,3
2019-01-18,380602,2019,1,4
2019-01-19,302445,2019,1,5
2019-01-20,402389,2019,1,6
2019-01-21,297009,2019,1,0
2019-01-22,185470,2019,1,1
2019-01-23,208886,2019,1,2
2019-01-24,313152,2019,1,3
2019-01-25,337576,2019,1,4
2019-01-26,357285,2019,1,5
2019-01-27,382960,2019,1,6
2019-01-28,295613,2019,1,0
2019-01-29,198866,2019,1,1
2019-01-30,212867,2019,1,2
2019-01-31,344401,2019,1,3
2019-02-01,416655,2019,2,4
2019-02-02,284546,2019,2,5
2019-02-03,395473,2019,2,6
2019-02-04,309261,2019,2,0
2019-02-05,239702,2019,2,1
2019-02-06,207348,2019,2,2
2019-02-07,248363,2019,2,3
2019-02-08,377412,2019,2,4
2019-02-09,323018,2019,2,5
2019-02-10,307068,2019,2,6
2019-02-11,261935,2019,2,0
2019-02-12,232613,2019,2,1
2019-02-13,222487,2019,2,2
2019-02-14,325322,2019,2,3
2019-02-15,380428,2019,2,4
2019-02-16,341561,2019,2,5
2019-02-17,354058,2019,2,6
2019-02-18,286283,2019,2,0
2019-02-19,214812,2019,2,1
2019-02-20,198203,2019,2,2
2019-02-21,313495,2019,2,3
2019-02-22,394906,2019,2,4
2019-02-23,327452,2019,2,5
2019-02-24,402257,2019,2,6
2019-02-25,305139,2019,2,0
2019-02-26,224717,2019,2,1
2019-02-27,182137,2019,2,2
2019-02-28,247186,2019,2,3
2019-03-01,452137,2019,3,4
2019-03-02,480913,2019,3,5
2019-03-03,415789,2019,3,6
2019-03-04,440128,2019,3,0
2019-03-05,294443,2019,3,1
2019-03-06,249370,2019,3,2
2019-03-07,378305,2019,3,3
2019-03-08,556114,2019,3,4
2019-03-09,390331,2019,3,5
2019-03-10,469259,2019,3,6
2019-03-11,364969,2019,3,0
2019-03-12,293674,2019,3,1
2019-03-13,309044,2019,3,2
2019-03-14,362575,2019,3,3
2019-03-15,495585,2019,3,4
2019-03-16,544716,2019,3,5
2019-03-17,448667,2019,3,6
2019-03-18,406743,2019,3,0
2019-03-19,258090,2019,3,1
2019-03-20,274813,2019,3,2
2019-03-21,370478,2019,3,3
2019-03-22,481234,2019,3,4
2019-03-23,499408,2019,3,5
2019-03-24,440826,2019,3,6
2019-03-25,434981,2019,3,0
2019-03-26,316251,2019,3,1
2019-03-27,297512,2019,3,2
2019-03-28,357680,2019,3,3
2019-03-29,418443,2019,3,4
2019-03-30,409505,2019,3,5
2019-03-31,488019,2019,3,6
2019-04-01,331441,2019,4,0
2019-04-02,292849,2019,4,1
2019-04-03,244631,2019,4,2
2019-04-04,408201,2019,4,3
2019-04-05,446481,2019,4,4
2019-04-06,505156,2019,4,5
2019-04-07,496590,2019,4,6
2019-04-08,431264,2019,4,0
2019-04-09,314353,2019,4,1
2019-04-10,278224,2019,4,2
2019-04-11,333439,2019,4,3
2019-04-12,398801,2019,4,4
2019-04-13,352700,2019,4,5
2019-04-14,397413,2019,4,6
2019-04-15,379737,2019,4,0
2019-04-16,258934,2019,4,1
2019-04-17,269344,2019,4,2
2019-04-18,395724,2019,4,3
2019-04-19,432161,2019,4,4
2019-04-20,395712,2019,4,5
2019-04-21,443341,2019,4,6
2019-04-22,343256,2019,4,0
2019-04-23,266857,2019,4,1
2019-04-24,311115,2019,4,2
2019-04-25,366940,2019,4,3
2019-04-26,524648,2019,4,4
2019-04-27,509524,2019,4,5
2019-04-28,419893,2019,4,6
2019-04-29,335236,2019,4,0
2019-04-30,272843,2019,4,1
2019-05-01,305919,2019,5,2
2019-05-02,358654,2019,5,3
2019-05-03,486188,2019,5,4
2019-05-04,499575,2019,5,5
2019-05-05,411214,2019,5,6
2019-05-06,351645,2019,5,0
2019-05-07,293832,2019,5,1
2019-05-08,278449,2019,5,2
2019-05-09,351267,2019,5,3
2019-05-10,430016,2019,5,4
2019-05-11,442570,2019,5,5
2019-05-12,375966,2019,5,6
2019-05-13,406017,2019,5,0
2019-05-14,261155,2019,5,1
2019-05-15,197931,2019,5,2
2019-05-16,376241,2019,5,3
2019-05-17,412661,2019,5,4
2019-05-18,520987,2019,5,5
2019-05-19,419619,2019,5,6
2019-05-20,335745,2019,5,0
2019-05-21,288216,2019,5,1
2019-05-22,256169,2019,5,2
2019-05-23,347745,2019,5,3
2019-05-24,468423,2019,5,4
2019-05-25,399338,2019,5,5
2019-05-26,380761,2019,5,6
2019-05-27,442236,2019,5,0
2019-05-28,290179,2019,5,1
2019-05-29,267038,2019,5,2
2019-05-30,377010,2019,5,3
2019-05-31,468261,2019,5,4
2019-06-01,586916,2019,6,5
2019-06-02,494423,2019,6,6
2019-06-03,469141,2019,6,0
2019-06-04,312464,2019,6,1
2019-06-05,322921,2019,6,2
2019-06-06,459843,2019,6,3
2019-06-07,534499,2019,6,4
2019-06-08,574199,2019,6,5
2019-06-09,560909,2019,6,6
2019-06-10,384315,2019,6,0
2019-06-11,284450,2019,6,1
2019-06-12,316973,2019,6,2
2019-06-13,535329,2019,6,3
2019-06-14,489309,2019,6,4
2019-06-15,523720,2019,6,5
2019-06-16,506170,2019,6,6
2019-06-17,427496,2019,6,0
2019-06-18,335008,2019,6,1
2019-06-19,375247,2019,6,2
2019-06-20,473206,2019,6,3
2019-06-21,491879,2019,6,4
2019-06-22,682115,2019,6,5
2019-06-23,539059,2019,6,6
2019-06-24,426447,2019,6,0
2019-06-25,375620,2019,6,1
2019-06-26,313702,2019,6,2
2019-06-27,527829,2019,6,3
2019-06-28,488290,2019,6,4
2019-06-29,611343,2019,6,5
2019-06-30,545610,2019,6,6
2019-07-01,511000,2019,7,0
2019-07-02,391737,2019,7,1
2019-07-03,291863,2019,7,2
2019-07-04,510308,2019,7,3
2019-07-05,459500,2019,7,4
2019-07-06,478847,2019,7,5
2019-07-07,491886,2019,7,6
2019-07-08,475364,2019,7,0
2019-07-09,330228,2019,7,1
2019-07-10,323640,2019,7,2
2019-07-11,459189,2019,7,3
2019-07-12,566482,2019,7,4
2019-07-13,570598,2019,7,5
2019-07-14,593379,2019,7,6
2019-07-15,534940,2019,7,0
2019-07-16,328438,2019,7,1
2019-07-17,311990,2019,7,2
2019-07-18,480337,2019,7,3
2019-07-19,473655,2019,7,4
2019-07-20,498556,2019,7,5
2019-07-21,588309,2019,7,6
2019-07-22,446953,2019,7,0
2019-07-23,289375,2019,7,1
2019-07-24,280106,2019,7,2
2019-07-25,454775,2019,7,3
2019-07-26,595932,2019,7,4
2019-07-27,595218,2019,7,5
2019-07-28,540787,2019,7,6
2019-07-29,543488,2019,7,0
2019-07-30,325691,2019,7,1
2019-07-31,324581,2019,7,2
2019-08-01,336376,2019,8,3
2019-08-02,510929,2019,8,4
2019-08-03,580427,2019,8,5
2019-08-04,618506,2019,8,6
2019-08-05,414996,2019,8,0
2019-08-06,344356,2019,8,1
2019-08-07,363599,2019,8,2
2019-08-08,453078,2019,8,3
2019-08-09,412734,2019,8,4
2019-08-10,548083,2019,8,5
2019-08-11,575582,2019,8,6
2019-08-12,409693,2019,8,0
2019-08-13,320776,2019,8,1
2019-08-14,291109,2019,8,2
2019-08-15,336253,2019,8,3
2019-08-16,589787,2019,8,4
2019-08-17,534656,2019,8,5
2019-08-18,620309,2019,8,6
2019-08-19,491370,2019,8,0
2019-08-20,317483,2019,8,1
2019-08-21,326404,2019,8,2
2019-08-22,478194,2019,8,3
2019-08-23,586571,2019,8,4
2019-08-24,552115,2019,8,5
2019-08-25,593990,2019,8,6
2019-08-26,439144,2019,8,0
2019-08-27,296321,2019,8,1
2019-08-28,327008,2019,8,2
2019-08-29,461857,2019,8,3
2019-08-30,470592,2019,8,4
2019-08-31,463361,2019,8,5
2019-09-01,465654,2019,9,6
2019-09-02,361816,2019,9,0
2019-09-03,269736,2019,9,1
2019-09-04,264419,2019,9,2
2019-09-05,434490,2019,9,3
2019-09-06,501952,2019,9,4
2019-09-07,390563,2019,9,5
2019-09-08,421966,2019,9,6
2019-09-09,409199,2019,9,0
2019-09-10,290795,2019,9,1
2019-09-11,273147,2019,9,2
2019-09-12,334238,2019,9,3
2019-09-13,415292,2019,9,4
2019-09-14,422680,2019,9,5
2019-09-15,458060,2019,9,6
2019-09-16,441396,2019,9,0
2019-09-17,255444,2019,9,1
2019-09-18,246142,2019,9,2
2019-09-19,373046,2019,9,3
2019-09-20,491700,2019,9,4
2019-09-21,381224,2019,9,5
2019-09-22,510504,2019,9,6
2019-09-23,370653,2019,9,0
2019-09-24,254143,2019,9,1
2019-09-25,230394,2019,9,2
2019-09-26,403787,2019,9,3
2019-09-27,438084,2019,9,4
2019-09-28,453322,2019,9,5
2019-09-29,405563,2019,9,6
2019-09-30,365107,2019,9,0
2019-10-01,260938,2019,10,1
2019-10-02,271525,2019,10,2
2019-10-03,351890,2019,10,3
2019-10-04,377333,2019,10,4
2019-10-05,567327,2019,10,5
2019-10-06,384945,2019,10,6
2019-10-07,383985,2019,10,0
2019-10-08,225680,2019,10,1
2019-10-09,219508,2019,10,2
2019-10-10,380831,2019,10,3
2019-10-11,453485,2019,10,4
2019-10-12,501940,2019,10,5
2019-10-13,463522,2019,10,6
2019-10-14,371492,2019,10,0
2019-10-15,248238,2019,10,1
2019-10-16,315400,2019,10,2
2019-10-17,412172,2019,10,3
2019-10-18,390163,2019,10,4
2019-10-19,447406,2019,10,5
2019-10-20,452134,2019,10,6
2019-10-21,364105,2019,10,0
2019-10-22,295455,2019,10,1
2019-10-23,297098,2019,10,2
2019-10-24,369957,2019,10,3
2019-10-25,433195,2019,10,4
2019-10-26,512524,2019,10,5
2019-10-27,487291,2019,10,6
2019-10-28,379871,2019,10,0
2019-10-29,229598,2019,10,1
2019-10-30,283720,2019,10,2
2019-10-31,403469,2019,10,3
2019-11-01,371382,2019,11,4
2019-11-02,525481,2019,11,5
2019-11-03,491212,2019,11,6
2019-11-04,424135,2019,11,0
2019-11-05,286806,2019,11,1
2019-11-06,310753,2019,11,2
2019-11-07,494086,2019,11,3
2019-11-08,489689,2019,11,4
2019-11-09,562063,2019,11,5
2019-11-10,471240,2019,11,6
2019-11-11,466622,2019,11,0
2019-11-12,315480,2019,11,1
2019-11-13,326531,2019,11,2
2019-11-14,434024,2019,11,3
2019-11-15,545458,2019,11,4
2019-11-16,380964,2019,11,5
2019-11-17,439794,2019,11,6
2019-11-18,451803,2019,11,0
2019-11-19,250969,2019,11,1
2019-11-20,298692,2019,11,2
2019-11-21,431357,2019,11,3
2019-11-22,470122,2019,11,4
2019-11-23,477123,2019,11,5
2019-11-24,526491,2019,11,6
2019-11-25,477488,2019,11,0
2019-11-26,285195,2019,11,1
2019-11-27,297289,2019,11,2
2019-11-28,401998,2019,11,3
2019-11-29,388458,2019,11,4
2019-11-30,519834,2019,11,5
2019-12-01,560481,2019,12,6
2019-12-02,477807,2019,12,0
2019-12-03,287961,2019,12,1
2019-12-04,275945,2019,12,2
2019-12-05,434651,2019,12,3
2019-12-06,555077,2019,12,4
2019-12-07,520508,2019,12,5
2019-12-08,527399,2019,12,6
2019-12-09,483236,2019,12,0
2019-12-10,292113,2019,12,1
2019-12-11,308489,2019,12,2
2019-12-12,504609,2019,12,3
2019-12-13,502483,2019,12,4
2019-12-14,447610,2019,12,5
2019-12-15,478261,2019,12,6
2019-12-16,393023,2019,12,0
2019-12-17,326693,2019,12,1
2019-12-18,287167,2019,12,2
2019-12-19,445469,2019,12,3
2019-12-20,474842,2019,12,4
2019-12-21,403732,2019,12,5
2019-12-22,528287,2019,12,6
2019-12-23,440153,2019,12,0
2019-12-24,331759,2019,12,1
2019-12-25,294200,2019,12,2
2019-12-26,399904,2019,12,3
2019-12-27,533149,2019,12,4
2019-12-28,590431,2019,12,5
2019-12-29,513143,2019,12,6
2019-12-30,452128,2019,12,0
2019-12-31,305284,2019,12,1
2020-01-01,185556,2020,1,2
2020-01-02,330902,2020,1,3
2020-01-03,388962,2020,1,4
2020-01-04,381915,2020,1,5
2020-01-05,350083,2020,1,6
2020-01-06,319728,2020,1,0
2020-01-07,239039,2020,1,1
2020-01-08,254978,2020,1,2
2020-01-09,331539,2020,1,3
2020-01-10,358846,2020,1,4
2020-01-11,309922,2020,1,5
2020-01-12,362121,2020,1,6
2020-01-13,309455,2020,1,0
2020-01-14,234986,2020,1,1
2020-01-15,249136,2020,1,2
2020-01-16,298843,2020,1,3
2020-01-17,431486,2020,1,4
2020-01-18,293839,2020,1,5
2020-01-19,371523,2020,1,6
2020-01-20,277621,2020,1,0
2020-01-21,177578,2020,1,1
2020-01-22,215000,2020,1,2
2020-01-23,257749,2020,1,3
2020-01-24,350814,2020,1,4
2020-01-25,357810,2020,1,5
2020-01-26,396454,2020,1,6
2020-01-27,256228,2020,1,0
2020-01-28,239361,2020,1,1
2020-01-29,221580,2020,1,2
2020-01-30,332755,2020,1,3
2020-01-31,341176,2020,1,4
2020-02-01,309067,2020,2,5
2020-02-02,313158,2020,2,6
2020-02-03,262738,2020,2,0
2020-02-04,229912,2020,2,1
2020-02-05,251835,2020,2,2
2020-02-06,284668,2020,2,3
2020-02-07,379004,2020,2,4
2020-02-08,302249,2020,2,5
2020-02-09,363000,2020,2,6
2020-02-10,321885,2020,2,0
2020-02-11,187652,2020,2,1
2020-02-12,214954,2020,2,2
2020-02-13,323314,2020,2,3
2020-02-14,251961,2020,2,4
2020-02-15,404189,2020,2,5
2020-02-16,369182,2020,2,6
2020-02-17,323338,2020,2,0
2020-02-18,210371,2020,2,1
2020-02-19,181626,2020,2,2
2020-02-20,317827,2020,2,3
2020-02-21,353626,2020,2,4
2020-02-22,357716,2020,2,5
2020-02-23,395351,2020,2,6
2020-02-24,324706,2020,2,0
2020-02-25,261585,2020,2,1
2020-02-26,222803,2020,2,2
2020-02-27,280859,2020,2,3
2020-02-28,349852,2020,2,4
2020-02-29,371392,2020,2,5
2020-03-01,490992,2020,3,6
2020-03-02,321813,2020,3,0
2020-03-03,274519,2020,3,1
2020-03-04,318432,2020,3,2
2020-03-05,368082,2020,3,3
2020-03-06,487210,2020,3,4
2020-03-07,467692,2020,3,5
2020-03-08,488318,2020,3,6
2020-03-09,346602,2020,3,0
2020-03-10,252194,2020,3,1
2020-03-11,274841,2020,3,2
2020-03-12,319355,2020,3,3
2020-03-13,433691,2020,3,4
2020-03-14,456985,2020,3,5
2020-03-15,525257,2020,3,6
2020-03-16,392330,2020,3,0
2020-03-17,291434,2020,3,1
2020-03-18,306224,2020,3,2
2020-03-19,340760,2020,3,3
2020-03-20,438356,2020,3,4
2020-03-21,553818,2020,3,5
2020-03-22,442187,2020,3,6
2020-03-23,419247,2020,3,0
2020-03-24,300718,2020,3,1
2020-03-25,233742,2020,3,2
2020-03-26,388851,2020,3,3
2020-03-27,452254,2020,3,4
2020-03-28,460420,2020,3,5
2020-03-29,412102,2020,3,6
2020-03-30,335018,2020,3,0
2020-03-31,261228,2020,3,1
2020-04-01,22633,2020,4,2
2020-04-02,35152,2020,4,3
2020-04-03,43891,2020,4,4
2020-04-04,42329,2020,4,5
2020-04-05,40336,2020,4,6
2020-04-06,28271,2020,4,0
2020-04-07,21922,2020,4,1
2020-04-08,23336,2020,4,2
2020-04-09,29440,2020,4,3
2020-04-10,39285,2020,4,4
2020-04-11,39818,2020,4,5
2020-04-12,39133,2020,4,6
2020-04-13,34649,2020,4,0
2020-04-14,20789,2020,4,1
2020-04-15,24989,2020,4,2
2020-04-16,29241,2020,4,3
2020-04-17,33647,2020,4,4
2020-04-18,39118,2020,4,5
2020-04-19,41657,2020,4,6
2020-04-20,32961,2020,4,0
2020-04-21,22904,2020,4,1
2020-04-22,23565,2020,4,2
2020-04-23,31856,2020,4,3
2020-04-24,32959,2020,4,4
2020-04-25,32526,2020,4,5
2020-04-26,36849,2020,4,6
2020-04-27,31678,2020,4,0
2020-04-28,22882,2020,4,1
2020-04-29,24402,2020,4,2
2020-04-30,30750,2020,4,3
2020-05-01,39233,2020,5,4
2020-05-02,36604,2020,5,5
2020-05-03,43914,2020,5,6
2020-05-04,31681,2020,5,0
2020-05-05,28207,2020,5,1
2020-05-06,23661,2020,5,2
2020-05-07,30756,2020,5,3
2020-05-08,33801,2020,5,4
2020-05-09,31782,2020,5,5
2020-05-10,33459,2020,5,6
2020-05-11,28663,2020,5,0
2020-05-12,23759,2020,5,1
2020-05-13,21654,2020,5,2
2020-05-14,32015,2020,5,3
2020-05-15,41903,2020,5,4
2020-05-16,36815,2020,5,5
2020-05-17,44864,2020,5,6
2020-05-18,27732,2020,5,0
2020-05-19,22512,2020,5,1
2020-05-20,21624,2020,5,2
2020-05-21,34371,2020,5,3
2020-05-22,28822,2020,5,4
2020-05-23,31781,2020,5,5
2020-05-24,36743,2020,5,6
2020-05-25,36303,2020,5,0
2020-05-26,23373,2020,5,1
2020-05-27,19767,2020,5,2
2020-05-28,27665,2020,5,3
2020-05-29,43355,2020,5,4
2020-05-30,34834,2020,5,5
2020-05-31,33639,2020,5,6
2020-06-01,43285,2020,6,0
2020-06-02,30201,2020,6,1
2020-06-03,30922,2020,6,2
2020-06-04,34131,2020,6,3
2020-06-05,37773,2020,6,4
2020-06-06,45164,2020,6,5
2020-06-07,46064,2020,6,6
2020-06-08,39089,2020,6,0
2020-06-09,31482,2020,6,1
2020-06-10,22672,2020,6,2
2020-06-11,40956,2020,6,3
2020-06-12,39683,2020,6,4
2020-06-13,48385,2020,6,5
2020-06-14,42454,2020,6,6
2020-06-15,34644,2020,6,0
2020-06-16,25755,2020,6,1
2020-06-17,23462,2020,6,2
2020-06-18,37866,2020,6,3
2020-06-19,41127,2020,6,4
2020-06-20,48075,2020,6,5
2020-06-21,47423,2020,6,6
2020-06-22,44080,2020,6,0
2020-06-23,28432,2020,6,1
2020-06-24,28856,2020,6,2
2020-06-25,42994,2020,6,3
2020-06-26,41773,2020,6,4
2020-06-27,37937,2020,6,5
2020-06-28,45462,2020,6,6
2020-06-29,32348,2020,6,0
2020-06-30,34158,2020,6,1
2020-07-01,125682,2020,7,2
2020-07-02,183502,2020,7,3
2020-07-03,179398,2020,7,4
2020-07-04,188100,2020,7,5
2020-07-05,170093,2020,7,6
2020-07-06,164176,2020,7,0
2020-07-07,96377,2020,7,1
2020-07-08,81812,2020,7,2
2020-07-09,138928,2020,7,3
2020-07-10,152336,2020,7,4
2020-07-11,204634,2020,7,5
2020-07-12,210655,2020,7,6
2020-07-13,129692,2020,7,0
2020-07-14,123885,2020,7,1
2020-07-15,120152,2020,7,2
2020-07-16,127175,2020,7,3
2020-07-17,171327,2020,7,4
2020-07-18,167941,2020,7,5
2020-07-19,191620,2020,7,6
2020-07-20,132320,2020,7,0
2020-07-21,108629,2020,7,1
2020-07-22,102188,2020,7,2
2020-07-23,157997,2020,7,3
2020-07-24,174419,2020,7,4
2020-07-25,168742,2020,7,5
2020-07-26,174482,2020,7,6
2020-07-27,181572,2020,7,0
2020-07-28,105140,2020,7,1
2020-07-29,98292,2020,7,2
2020-07-30,159658,2020,7,3
2020-07-31,175726,2020,7,4
2020-08-01,153053,2020,8,5
2020-08-02,218069,2020,8,6
2020-08-03,145539,2020,8,0
2020-08-04,105568,2020,8,1
2020-08-05,111467,2020,8,2
2020-08-06,176957,2020,8,3
2020-08-07,148337,2020,8,4
2020-08-08,183205,2020,8,5
2020-08-09,215497,2020,8,6
2020-08-10,152798,2020,8,0
2020-08-11,96160,2020,8,1
2020-08-12,102929,2020,8,2
2020-08-13,153977,2020,8,3
2020-08-14,202011,2020,8,4
2020-08-15,172235,2020,8,5
2020-08-16,193022,2020,8,6
2020-08-17,129203,2020,8,0
2020-08-18,93874,2020,8,1
2020-08-19,104417,2020,8,2
2020-08-20,172550,2020,8,3
2020-08-21,179512,2020,8,4
2020-08-22,183451,2020,8,5
2020-08-23,183242,2020,8,6
2020-08-24,167590,2020,8,0
2020-08-25,103019,2020,8,1
2020-08-26,117265,2020,8,2
2020-08-27,138322,2020,8,3
2020-08-28,213643,2020,8,4
2020-08-29,164015,2020,8,5
2020-08-30,162553,2020,8,6
2020-08-31,159149,2020,8,0
2020-09-01,92157,2020,9,1
2020-09-02,94416,2020,9,2
2020-09-03,128571,2020,9,3
2020-09-04,132370,2020,9,4
2020-09-05,172540,2020,9,5
2020-09-06,161846,2020,9,6
2020-09-07,142797,2020,9,0
2020-09-08,86597,2020,9,1
2020-09-09,95236,2020,9,2
2020-09-10,128195,2020,9,3
2020-09-11,165329,2020,9,4
2020-09-12,165808,2020,9,5
2020-09-13,151439,2020,9,6
2020-09-14,106631,2020,9,0
2020-09-15,107699,2020,9,1
2020-09-16,96511,2020,9,2
2020-09-17,118065,2020,9,3
2020-09-18,154611,2020,9,4
2020-09-19,126120,2020,9,5
2020-09-20,164250,2020,9,6
2020-09-21,107218,2020,9,0
2020-09-22,89408,2020,9,1
2020-09-23,93662,2020,9,2
2020-09-24,138773,2020,9,3
2020-09-25,150153,2020,9,4
2020-09-26,158004,2020,9,5
2020-09-27,148152,2020,9,6
2020-09-28,125309,2020,9,0
2020-09-29,92209,2020,9,1
2020-09-30,89699,2020,9,2
2020-10-01,104511,2020,10,3
2020-10-02,137155,2020,10,4
2020-10-03,152207,2020,10,5
2020-10-04,144869,2020,10,6
2020-10-05,123755,2020,10,0
2020-10-06,88471,2020,10,1
2020-10-07,83532,2020,10,2
2020-10-08,119515,2020,10,3
2020-10-09,144012,2020,10,4
2020-10-10,148647,2020,10,5
2020-10-11,154415,2020,10,6
2020-10-12,123444,2020,10,0
2020-10-13,82014,2020,10,1
2020-10-14,78645,2020,10,2
2020-10-15,158367,2020,10,3
2020-10-16,131785,2020,10,4
2020-10-17,140865,2020,10,5
2020-10-18,156252,2020,10,6
2020-10-19,130250,2020,10,0
2020-10-20,96190,2020,10,1
2020-10-21,87380,2020,10,2
2020-10-22,128713,2020,10,3
2020-10-23,149482,2020,10,4
2020-10-24,143933,2020,10,5
2020-10-25,152217,2020,10,6
2020-10-26,138981,2020,10,0
2020-10-27,91225,2020,10,1
2020-10-28,91285,2020,10,2
2020-10-29,139142,2020,10,3
2020-10-30,162854,2020,10,4
2020-10-31,172103,2020,10,5
2020-11-01,140850,2020,11,6
2020-11-02,157656,2020,11,0
2020-11-03,111467,2020,11,1
2020-11-04,95830,2020,11,2
2020-11-05,148208,2020,11,3
2020-11-06,188816,2020,11,4
2020-11-07,156690,2020,11,5
2020-11-08,178418,2020,11,6
2020-11-09,157168,2020,11,0
2020-11-10,93881,2020,11,1
2020-11-11,103645,2020,11,2
2020-11-12,148922,2020,11,3
2020-11-13,157254,2020,11,4
2020-11-14,155836,2020,11,5
2020-11-15,168549,2020,11,6
2020-11-16,156160,2020,11,0
2020-11-17,111910,2020,11,1
2020-11-18,96084,2020,11,2
2020-11-19,153999,2020,11,3
2020-11-20,156574,2020,11,4
2020-11-21,143346,2020,11,5
2020-11-22,164584,2020,11,6
2020-11-23,160805,2020,11,0
2020-11-24,112038,2020,11,1
2020-11-25,105125,2020,11,2
2020-11-26,138546,2020,11,3
2020-11-27,164197,2020,11,4
2020-11-28,172715,2020,11,5
2020-11-29,152601,2020,11,6
2020-11-30,139538,2020,11,0
2020-12-01,102875,2020,12,1
2020-12-02,90936,2020,12,2
2020-12-03,132449,2020,12,3
2020-12-04,177870,2020,12,4
2020-12-05,171019,2020,12,5
2020-12-06,165581,2020,12,6
2020-12-07,131394,2020,12,0
2020-12-08,121721,2020,12,1
2020-12-09,96331,2020,12,2
2020-12-10,148208,2020,12,3
2020-12-11,162521,2020,12,4
2020-12-12,171476,2020,12,5
2020-12-13,178675,2020,12,6
2020-12-14,124761,2020,12,0
2020-12-15,105072,2020,12,1
2020-12-16,117661,2020,12,2
2020-12-17,170037,2020,12,3
2020-12-18,168635,2020,12,4
2020-12-19,171569,2020,12,5
2020-12-20,208639,2020,12,6
2020-12-21,160978,2020,12,0
2020-12-22,98651,2020,12,1
2020-12-23,98633,2020,12,2
2020-12-24,158399,2020,12,3
2020-12-25,153582,2020,12,4
2020-12-26,189441,2020,12,5
2020-12-27,176568,2020,12,6
2020-12-28,152055,2020,12,0
2020-12-29,102442,2020,12,1
2020-12-30,98519,2020,12,2
2020-12-31,165707,2020,12,3
2021-01-01,144905,2021,1,4
2021-01-02,142465,2021,1,5
2021-01-03,147380,2021,1,6
2021-01-04,128140,2021,1,0
2021-01-05,82003,2021,1,1
2021-01-06,86263,2021,1,2
2021-01-07,117944,2021,1,3
2021-01-08,161129,2021,1,4
2021-01-09,135408,2021,1,5
2021-01-10,122485,2021,1,6
2021-01-11,100984,2021,1,0
2021-01-12,77984,2021,1,1
2021-01-13,103876,2021,1,2
2021-01-14,125917,2021,1,3
2021-01-15,156018,2021,1,4
2021-01-16,156541,2021,1,5
2021-01-17,149405,2021,1,6
2021-01-18,124773,2021,1,0
2021-01-19,100977,2021,1,1
2021-01-20,92762,2021,1,2
2021-01-21,143302,2021,1,3
2021-01-22,157794,2021,1,4
2021-01-23,139392,2021,1,5
2021-01-24,141185,2021,1,6
2021-01-25,116568,2021,1,0
2021-01-26,102559,2021,1,1
2021-01-27,87724,2021,1,2
2021-01-28,115676,2021,1,3
2021-01-29,153321,2021,1,4
2021-01-30,147127,2021,1,5
2021-01-31,152947,2021,1,6
2021-02-01,149471,2021,2,0
2021-02-02,99776,2021,2,1
2021-02-03,91674,2021,2,2
2021-02-04,108008,2021,2,3
2021-02-05,141143,2021,2,4
2021-02-06,159135,2021,2,5
2021-02-07,131172,2021,2,6
2021-02-08,152628,2021,2,0
2021-02-09,91559,2021,2,1
2021-02-10,91874,2021,2,2
2021-02-11,117333,2021,2,3
2021-02-12,155951,2021,2,4
2021-02-13,131366,2021,2,5
2021-02-14,180735,2021,2,6
2021-02-15,142274,2021,2,0
2021-02-16,100427,2021,2,1
2021-02-17,78715,2021,2,2
2021-02-18,128296,2021,2,3
2021-02-19,166534,2021,2,4
2021-02-20,157382,2021,2,5
2021-02-21,133682,2021,2,6
2021-02-22,117541,2021,2,0
2021-02-23,87296,2021,2,1
2021-02-24,85910,2021,2,2
2021-02-25,144932,2021,2,3
2021-02-26,120030,2021,2,4
2021-02-27,158316,2021,2,5
2021-02-28,129371,2021,2,6
2021-03-01,142036,2021,3,0
2021-03-02,91316,2021,3,1
2021-03-03,108010,2021,3,2
2021-03-04,180881,2021,3,3
2021-03-05,190632,2021,3,4
2021-03-06,163458,2021,3,5
2021-03-07,204603,2021,3,6
2021-03-08,176490,2021,3,0
2021-03-09,115474,2021,3,1
2021-03-10,137539,2021,3,2
2021-03-11,170052,2021,3,3
2021-03-12,198391,2021,3,4
2021-03-13,170794,2021,3,5
2021-03-14,197365,2021,3,6
2021-03-15,160548,2021,3,0
2021-03-16,120225,2021,3,1
2021-03-17,106461,2021,3,2
2021-03-18,159154,2021,3,3
2021-03-19,170543,2021,3,4
2021-03-20,145838,2021,3,5
2021-03-21,204253,2021,3,6
2021-03-22,133533,2021,3,0
2021-03-23,115509,2021,3,1
2021-03-24,118090,2021,3,2
2021-03-25,162273,2021,3,3
2021-03-26,180456,2021,3,4
2021-03-27,190750,2021,3,5
2021-03-28,194460,2021,3,6
2021-03-29,168691,2021,3,0
2021-03-30,134095,2021,3,1
2021-03-31,116961,2021,3,2
2021-04-01,158148,2021,4,3
2021-04-02,168874,2021,4,4
2021-04-03,193810,2021,4,5
2021-04-04,198108,2021,4,6
2021-04-05,154120,2021,4,0
2021-04-06,120509,2021,4,1
2021-04-07,110941,2021,4,2
2021-04-08,167686,2021,4,3
2021-04-09,202662,2021,4,4
2021-04-10,202402,2021,4,5
2021-04-11,187902,2021,4,6
2021-04-12,140799,2021,4,0
2021-04-13,107291,2021,4,1
2021-04-14,121086,2021,4,2
2021-04-15,195623,2021,4,3
2021-04-16,179386,2021,4,4
2021-04-17,194179,2021,4,5
2021-04-18,175387,2021,4,6
2021-04-19,141836,2021,4,0
2021-04-20,106555,2021,4,1
2021-04-21,90485,2021,4,2
2021-04-22,178410,2021,4,3
2021-04-23,144297,2021,4,4
2021-04-24,180814,2021,4,5
2021-04-25,163834,2021,4,6
2021-04-26,143244,2021,4,0
2021-04-27,130016,2021,4,1
2021-04-28,116582,2021,4,2
2021-04-29,141971,2021,4,3
2021-04-30,174765,2021,4,4
2021-05-01,171497,2021,5,5
2021-05-02,184905,2021,5,6
2021-05-03,159858,2021,5,0
2021-05-04,135948,2021,5,1
2021-05-05,92384,2021,5,2
2021-05-06,156594,2021,5,3
2021-05-07,179853,2021,5,4
2021-05-08,203292,2021,5,5
2021-05-09,192303,2021,5,6
2021-05-10,166419,2021,5,0
2021-05-11,118228,2021,5,1
2021-05-12,103633,2021,5,2
2021-05-13,176176,2021,5,3
2021-05-14,200543,2021,5,4
2021-05-15,202716,2021,5,5
2021-05-16,209189,2021,5,6
2021-05-17,163705,2021,5,0
2021-05-18,131210,2021,5,1
2021-05-19,118600,2021,5,2
2021-05-20,153699,2021,5,3
2021-05-21,185591,2021,5,4
2021-05-22,185271,2021,5,5
2021-05-23,176068,2021,5,6
2021-05-24,182785,2021,5,0
2021-05-25,117671,2021,5,1
2021-05-26,115367,2021,5,2
2021-05-27,163243,2021,5,3
2021-05-28,241054,2021,5,4
2021-05-29,164696,2021,5,5
2021-05-30,170020,2021,5,6
2021-05-31,135447,2021,5,0
2021-06-01,133952,2021,6,1
2021-06-02,140509,2021,6,2
2021-06-03,179796,2021,6,3
2021-06-04,210828,2021,6,4
2021-06-05,226030,2021,6,5
2021-06-06,211667,2021,6,6
2021-06-07,194420,2021,6,0
2021-06-08,152422,2021,6,1
2021-06-09,146426,2021,6,2
2021-06-10,205184,2021,6,3
2021-06-11,247057,2021,6,4
2021-06-12,229160,2021,6,5
2021-06-13,219321,2021,6,6
2021-06-14,174008,2021,6,0
2021-06-15,131777,2021,6,1
2021-06-16,129960,2021,6,2
2021-06-17,202368,2021,6,3
2021-06-18,230585,2021,6,4
2021-06-19,238384,2021,6,5
2021-06-20,196998,2021,6,6
2021-06-21,215569,2021,6,0
2021-06-22,131286,2021,6,1
2021-06-23,122056,2021,6,2
2021-06-24,180288,2021,6,3
2021-06-25,278209,2021,6,4
2021-06-26,214216,2021,6,5
2021-06-27,215611,2021,6,6
2021-06-28,184948,2021,6,0
2021-06-29,135103,2021,6,1
2021-06-30,126424,2021,6,2
2021-07-01,306034,2021,7,3
2021-07-02,394923,2021,7,4
2021-07-03,367777,2021,7,5
2021-07-04,316950,2021,7,6
2021-07-05,291324,2021,7,0
2021-07-06,207325,2021,7,1
2021-07-07,220589,2021,7,2
2021-07-08,341855,2021,7,3
2021-07-09,351262,2021,7,4
2021-07-10,353427,2021,7,5
2021-07-11,419956,2021,7,6
2021-07-12,328150,2021,7,0
2021-07-13,232024,2021,7,1
2021-07-14,262394,2021,7,2
2021-07-15,316492,2021,7,3
2021-07-16,285737,2021,7,4
2021-07-17,386261,2021,7,5
2021-07-18,299804,2021,7,6
2021-07-19,315351,2021,7,0
2021-07-20,181823,2021,7,1
2021-07-21,209183,2021,7,2
2021-07-22,290738,2021,7,3
2021-07-23,329110,2021,7,4
2021-07-24,344131,2021,7,5
2021-07-25,393389,2021,7,6
2021-07-26,280173,2021,7,0
2021-07-27,231389,2021,7,1
2021-07-28,198238,2021,7,2
2021-07-29,295996,2021,7,3
2021-07-30,368118,2021,7,4
2021-07-31,321037,2021,7,5
2021-08-01,309798,2021,8,6
2021-08-02,316554,2021,8,0
2021-08-03,244071,2021,8,1
2021-08-04,217693,2021,8,2
2021-08-05,287916,2021,8,3
2021-08-06,362121,2021,8,4
2021-08-07,358549,2021,8,5
2021-08-08,365232,2021,8,6
2021-08-09,225433,2021,8,0
2021-08-10,195968,2021,8,1
2021-08-11,200881,2021,8,2
2021-08-12,306265,2021,8,3
2021-08-13,363198,2021,8,4
2021-08-14,379255,2021,8,5
2021-08-15,365755,2021,8,6
2021-08-16,262469,2021,8,0
2021-08-17,251179,2021,8,1
2021-08-18,247337,2021,8,2
2021-08-19,263752,2021,8,3
2021-08-20,368434,2021,8,4
2021-08-21,335339,2021,8,5
2021-08-22,361522,2021,8,6
2021-08-23,333493,2021,8,0
2021-08-24,266168,2021,8,1
2021-08-25,235913,2021,8,2
2021-08-26,310612,2021,8,3
2021-08-27,344453,2021,8,4
2021-08-28,363065,2021,8,5
2021-08-29,405056,2021,8,6
2021-08-30,300365,2021,8,0
2021-08-31,199984,2021,8,1
2021-09-01,153239,2021,9,2
2021-09-02,264327,2021,9,3
2021-09-03,304489,2021,9,4
2021-09-04,277949,2021,9,5
2021-09-05,327629,2021,9,6
2021-09-06,240823,2021,9,0
2021-09-07,180394,2021,9,1
2021-09-08,182552,2021,9,2
2021-09-09,242604,2021,9,3
2021-09-10,304150,2021,9,4
2021-09-11,331358,2021,9,5
2021-09-12,263194,2021,9,6
2021-09-13,263710,2021,9,0
2021-09-14,186005,2021,9,1
2021-09-15,185668,2021,9,2
2021-09-16,273348,2021,9,3
2021-09-17,298606,2021,9,4
2021-09-18,311411,2021,9,5
2021-09-19,318413,2021,9,6
2021-09-20,238746,2021,9,0
2021-09-21,188327,2021,9,1
2021-09-22,178271,2021,9,2
2021-09-23,248092,2021,9,3
2021-09-24,287572,2021,9,4
2021-09-25,311139,2021,9,5
2021-09-26,299568,2021,9,6
2021-09-27,261347,2021,9,0
2021-09-28,182536,2021,9,1
2021-09-29,153524,2021,9,2
2021-09-30,252216,2021,9,3
2021-10-01,299029,2021,10,4
2021-10-02,304350,2021,10,5
2021-10-03,279499,2021,10,6
2021-10-04,221370,2021,10,0
2021-10-05,194278,2021,10,1
2021-10-06,177853,2021,10,2
2021-10-07,255733,2021,10,3
2021-10-08,288778,2021,10,4
2021-10-09,296961,2021,10,5
2021-10-10,283791,2021,10,6
2021-10-11,227087,2021,10,0
2021-10-12,191519,2021,10,1
2021-10-13,171828,2021,10,2
2021-10-14,255550,2021,10,3
2021-10-15,309338,2021,10,4
2021-10-16,279705,2021,10,5
2021-10-17,261369,2021,10,6
2021-10-18,312426,2021,10,0
2021-10-19,173206,2021,10,1
2021-10-20,194256,2021,10,2
2021-10-21,300191,2021,10,3
2021-10-22,320613,2021,10,4
2021-10-23,288214,2021,10,5
2021-10-24,295147,2021,10,6
2021-10-25,230493,2021,10,0
2021-10-26,198979,2021,10,1
2021-10-27,193211,2021,10,2
2021-10-28,238493,2021,10,3
2021-10-29,266174,2021,10,4
2021-10-30,257882,2021,10,5
2021-10-31,326455,2021,10,6
2021-11-01,292622,2021,11,0
2021-11-02,214805,2021,11,1
2021-11-03,192979,2021,11,2
2021-11-04,246825,2021,11,3
2021-11-05,374607,2021,11,4
2021-11-06,343150,2021,11,5
2021-11-07,372715,2021,11,6
2021-11-08,277983,2021,11,0
2021-11-09,205305,2021,11,1
2021-11-10,225284,2021,11,2
2021-11-11,310317,2021,11,3
2021-11-12,368967,2021,11,4
2021-11-13,331626,2021,11,5
2021-11-14,362713,2021,11,6
2021-11-15,321210,2021,11,0
2021-11-16,208081,2021,11,1
2021-11-17,199487,2021,11,2
2021-11-18,327966,2021,11,3
2021-11-19,319350,2021,11,4
2021-11-20,363224,2021,11,5
2021-11-21,339717,2021,11,6
2021-11-22,235894,2021,11,0
2021-11-23,234017,2021,11,1
2021-11-24,152291,2021,11,2
2021-11-25,231772,2021,11,3
2021-11-26,359733,2021,11,4
2021-11-27,359724,2021,11,5
2021-11-28,319927,2021,11,6
2021-11-29,293416,2021,11,0
2021-11-30,157052,2021,11,1
2021-12-01,225151,2021,12,2
2021-12-02,296362,2021,12,3
2021-12-03,340154,2021,12,4
2021-12-04,342426,2021,12,5
2021-12-05,358569,2021,12,6
2021-12-06,288306,2021,12,0
2021-12-07,170876,2021,12,1
2021-12-08,256470,2021,12,2
2021-12-09,323862,2021,12,3
2021-12-10,297805,2021,12,4
2021-12-11,329920,2021,12,5
2021-12-12,333648,2021,12,6
2021-12-13,320336,2021,12,0
2021-12-14,164878,2021,12,1
2021-12-15,199791,2021,12,2
2021-12-16,238234,2021,12,3
2021-12-17,331971,2021,12,4
2021-12-18,325567,2021,12,5
2021-12-19,344437,2021,12,6
2021-12-20,271652,2021,12,0
2021-12-21,194492,2021,12,1
2021-12-22,223315,2021,12,2
2021-12-23,302288,2021,12,3
2021-12-24,360556,2021,12,4
2021-12-25,335669,2021,12,5
2021-12-26,322176,2021,12,6
2021-12-27,285705,2021,12,0
2021-12-28,220823,2021,12,1
2021-12-29,164510,2021,12,2
2021-12-30,300537,2021,12,3
2021-12-31,352277,2021,12,4
2022-01-01,328888,2022,1,5
2022-01-02,321976,2022,1,6
2022-01-03,205599,2022,1,0
2022-01-04,192294,2022,1,1
2022-01-05,237135,2022,1,2
2022-01-06,276927,2022,1,3
2022-01-07,316813,2022,1,4
2022-01-08,327409,2022,1,5
2022-01-09,338452,2022,1,6
2022-01-10,294792,2022,1,0
2022-01-11,196538,2022,1,1
2022-01-12,209688,2022,1,2
2022-01-13,322942,2022,1,3
2022-01-14,359747,2022,1,4
2022-01-15,403351,2022,1,5
2022-01-16,305390,2022,1,6
2022-01-17,322929,2022,1,0
2022-01-18,185238,2022,1,1
2022-01-19,208253,2022,1,2
2022-01-20,296829,2022,1,3
2022-01-21,310161,2022,1,4
2022-01-22,329732,2022,1,5
2022-01-23,356616,2022,1,6
2022-01-24,256926,2022,1,0
2022-01-25,234720,2022,1,1
2022-01-26,173291,2022,1,2
2022-01-27,330217,2022,1,3
2022-01-28,359586,2022,1,4
2022-01-29,323924,2022,1,5
2022-01-30,313695,2022,1,6
2022-01-31,262548,2022,1,0
2022-02-01,198410,2022,2,1
2022-02-02,200166,2022,2,2
2022-02-03,311286,2022,2,3
2022-02-04,391203,2022,2,4
2022-02-05,333373,2022,2,5
2022-02-06,299217,2022,2,6
2022-02-07,261477,2022,2,0
2022-02-08,197459,2022,2,1
2022-02-09,180421,2022,2,2
2022-02-10,243964,2022,2,3
2022-02-11,395403,2022,2,4
2022-02-12,336748,2022,2,5
2022-02-13,299625,2022,2,6
2022-02-14,299155,2022,2,0
2022-02-15,177440,2022,2,1
2022-02-16,179096,2022,2,2
2022-02-17,254361,2022,2,3
2022-02-18,380935,2022,2,4
2022-02-19,318591,2022,2,5
2022-02-20,247048,2022,2,6
2022-02-21,310037,2022,2,0
2022-02-22,194979,2022,2,1
2022-02-23,163942,2022,2,2
2022-02-24,267812,2022,2,3
2022-02-25,343886,2022,2,4
2022-02-26,340063,2022,2,5
2022-02-27,385639,2022,2,6
2022-02-28,252985,2022,2,0
2022-03-01,252602,2022,3,1
2022-03-02,233838,2022,3,2
2022-03-03,292398,2022,3,3
2022-03-04,444751,2022,3,4
2022-03-05,427498,2022,3,5
2022-03-06,420161,2022,3,6
2022-03-07,360468,2022,3,0
2022-03-08,234193,2022,3,1
2022-03-09,226142,2022,3,2
2022-03-10,347015,2022,3,3
2022-03-11,456014,2022,3,4
2022-03-12,474272,2022,3,5
2022-03-13,441070,2022,3,6
2022-03-14,346722,2022,3,0
2022-03-15,258211,2022,3,1
2022-03-16,251719,2022,3,2
2022-03-17,310245,2022,3,3
2022-03-18,409578,2022,3,4
2022-03-19,354033,2022,3,5
2022-03-20,403501,2022,3,6
2022-03-21,402276,2022,3,0
2022-03-22,272116,2022,3,1
2022-03-23,228218,2022,3,2
2022-03-24,343210,2022,3,3
2022-03-25,374480,2022,3,4
2022-03-26,406016,2022,3,5
2022-03-27,451107,2022,3,6
2022-03-28,368289,2022,3,0
2022-03-29,313886,2022,3,1
2022-03-30,281410,2022,3,2
2022-03-31,352766,2022,3,3
2022-04-01,436237,2022,4,4
2022-04-02,400299,2022,4,5
2022-04-03,362504,2022,4,6
2022-04-04,390856,2022,4,0
2022-04-05,276796,2022,4,1
2022-04-06,245367,2022,4,2
2022-04-07,355184,2022,4,3
2022-04-08,459272,2022,4,4
2022-04-09,443150,2022,4,5
2022-04-10,348792,2022,4,6
2022-04-11,354136,2022,4,0
2022-04-12,247213,2022,4,1
2022-04-13,279411,2022,4,2
2022-04-14,381358,2022,4,3
2022-04-15,462445,2022,4,4
2022-04-16,362897,2022,4,5
2022-04-17,376534,2022,4,6
2022-04-18,384229,2022,4,0
2022-04-19,236552,2022,4,1
2022-04-20,213174,2022,4,2
2022-04-21,364126,2022,4,3
2022-04-22,386213,2022,4,4
2022-04-23,481696,2022,4,5
2022-04-24,420672,2022,4,6
2022-04-25,351254,2022,4,0
2022-04-26,242144,2022,4,1
2022-04-27,291426,2022,4,2
2022-04-28,358109,2022,4,3
2022-04-29,391880,2022,4,4
2022-04-30,376127,2022,4,5
2022-05-01,405569,2022,5,6
2022-05-02,311915,2022,5,0
2022-05-03,277296,2022,5,1
2022-05-04,205961,2022,5,2
2022-05-05,340890,2022,5,3
2022-05-06,433499,2022,5,4
2022-05-07,422549,2022,5,5
2022-05-08,379264,2022,5,6
2022-05-09,368540,2022,5,0
2022-05-10,229150,2022,5,1
2022-05-11,250865,2022,5,2
2022-05-12,368249,2022,5,3
2022-05-13,427484,2022,5,4
2022-05-14,380990,2022,5,5
2022-05-15,457497,2022,5,6
2022-05-16,348711,2022,5,0
2022-05-17,270108,2022,5,1
2022-05-18,289873,2022,5,2
2022-05-19,384348,2022,5,3
2022-05-20,454336,2022,5,4
2022-05-21,416443,2022,5,5
2022-05-22,441008,2022,5,6
2022-05-23,353098,2022,5,0
2022-05-24,221022,2022,5,1
2022-05-25,259039,2022,5,2
2022-05-26,354576,2022,5,3
2022-05-27,432420,2022,5,4
2022-05-28,403341,2022,5,5
2022-05-29,377460,2022,5,6
2022-05-30,368410,2022,5,0
2022-05-31,218408,2022,5,1
2022-06-01,345728,2022,6,2
2022-06-02,405256,2022,6,3
2022-06-03,502322,2022,6,4
2022-06-04,517670,2022,6,5
2022-06-05,519245,2022,6,6
2022-06-06,356404,2022,6,0
2022-06-07,326577,2022,6,1
2022-06-08,310860,2022,6,2
2022-06-09,388502,2022,6,3
2022-06-10,453529,2022,6,4
2022-06-11,473906,2022,6,5
2022-06-12,426609,2022,6,6
2022-06-13,486306,2022,6,0
2022-06-14,346553,2022,6,1
2022-06-15,315342,2022,6,2
2022-06-16,405589,2022,6,3
2022-06-17,480621,2022,6,4
2022-06-18,527451,2022,6,5
2022-06-19,576468,2022,6,6
2022-06-20,391193,2022,6,0
2022-06-21,267994,2022,6,1
2022-06-22,348408,2022,6,2
2022-06-23,340716,2022,6,3
2022-06-24,440838,2022,6,4
2022-06-25,478181,2022,6,5
2022-06-26,413779,2022,6,6
2022-06-27,460995,2022,6,0
2022-06-28,327568,2022,6,1
2022-06-29,284371,2022,6,2
2022-06-30,467942,2022,6,3
2022-07-01,561341,2022,7,4
2022-07-02,484736,2022,7,5
2022-07-03,468189,2022,7,6
2022-07-04,508598,2022,7,0
2022-07-05,323472,2022,7,1
2022-07-06,309447,2022,7,2
2022-07-07,471424,2022,7,3
2022-07-08,505088,2022,7,4
2022-07-09,465495,2022,7,5
2022-07-10,494215,2022,7,6
2022-07-11,457946,2022,7,0
2022-07-12,241606,2022,7,1
2022-07-13,293023,2022,7,2
2022-07-14,472234,2022,7,3
2022-07-15,465188,2022,7,4
2022-07-16,566088,2022,7,5
2022-07-17,559647,2022,7,6
2022-07-18,412138,2022,7,0
2022-07-19,284560,2022,7,1
2022-07-20,293043,2022,7,2
2022-07-21,525400,2022,7,3
2022-07-22,582185,2022,7,4
2022-07-23,496432,2022,7,5
2022-07-24,460468,2022,7,6
2022-07-25,419712,2022,7,0
2022-07-26,309070,2022,7,1
2022-07-27,264200,2022,7,2
2022-07-28,418177,2022,7,3
2022-07-29,555120,2022,7,4
2022-07-30,402065,2022,7,5
2022-07-31,530811,2022,7,6
2022-08-01,471891,2022,8,0
2022-08-02,284801,2022,8,1
2022-08-03,352829,2022,8,2
2022-08-04,386217,2022,8,3
2022-08-05,511910,2022,8,4
2022-08-06,475244,2022,8,5
2022-08-07,475233,2022,8,6
2022-08-08,389247,2022,8,0
2022-08-09,322791,2022,8,1
2022-08-10,327323,2022,8,2
2022-08-11,412184,2022,8,3
2022-08-12,423607,2022,8,4
2022-08-13,510051,2022,8,5
2022-08-14,510975,2022,8,6
2022-08-15,405866,2022,8,0
2022-08-16,358050,2022,8,1
2022-08-17,254528,2022,8,2
2022-08-18,322871,2022,8,3
2022-08-19,454453,2022,8,4
2022-08-20,525116,2022,8,5
2022-08-21,438518,2022,8,6
2022-08-22,374160,2022,8,0
2022-08-23,330407,2022,8,1
2022-08-24,315669,2022,8,2
2022-08-25,430499,2022,8,3
2022-08-26,528597,2022,8,4
2022-08-27,469438,2022,8,5
2022-08-28,471703,2022,8,6
2022-08-29,448451,2022,8,0
2022-08-30,261136,2022,8,1
2022-08-31,237065,2022,8,2
2022-09-01,330734,2022,9,3
2022-09-02,446603,2022,9,4
2022-09-03,419012,2022,9,5
2022-09-04,443597,2022,9,6
2022-09-05,276007,2022,9,0
2022-09-06,259360,2022,9,1
2022-09-07,267867,2022,9,2
2022-09-08,299015,2022,9,3
2022-09-09,443792,2022,9,4
2022-09-10,404014,2022,9,5
2022-09-11,534056,2022,9,6
2022-09-12,270443,2022,9,0
2022-09-13,285851,2022,9,1
2022-09-14,241517,2022,9,2
2022-09-15,289806,2022,9,3
2022-09-16,387041,2022,9,4
2022-09-17,419907,2022,9,5
2022-09-18,450958,2022,9,6
2022-09-19,405244,2022,9,0
2022-09-20,287178,2022,9,1
2022-09-21,227155,2022,9,2
2022-09-22,384785,2022,9,3
2022-09-23,424557,2022,9,4
2022-09-24,381825,2022,9,5
2022-09-25,399912,2022,9,6
2022-09-26,321173,2022,9,0
2022-09-27,252360,2022,9,1
2022-09-28,233082,2022,9,2
2022-09-29,310174,2022,9,3
2022-09-30,428146,2022,9,4
2022-10-01,434259,2022,10,5
2022-10-02,400906,2022,10,6
2022-10-03,392995,2022,10,0
2022-10-04,244880,2022,10,1
2022-10-05,243815,2022,10,2
2022-10-06,368548,2022,10,3
2022-10-07,403160,2022,10,4
2022-10-08,412035,2022,10,5
2022-10-09,305593,2022,10,6
2022-10-10,346291,2022,10,0
2022-10-11,205487,2022,10,1
2022-10-12,220729,2022,10,2
2022-10-13,299550,2022,10,3
2022-10-14,365974,2022,10,4
2022-10-15,386146,2022,10,5
2022-10-16,388694,2022,10,6
2022-10-17,368678,2022,10,0
2022-10-18,257019,2022,10,1
2022-10-19,203629,2022,10,2
2022-10-20,348593,2022,10,3
2022-10-21,421573,2022,10,4
2022-10-22,395146,2022,10,5
2022-10-23,406083,2022,10,6
2022-10-24,352293,2022,10,0
2022-10-25,270652,2022,10,1
2022-10-26,211831,2022,10,2
2022-10-27,337267,2022,10,3
2022-10-28,470197,2022,10,4
2022-10-29,466451,2022,10,5
2022-10-30,443337,2022,10,6
2022-10-31,364272,2022,10,0
2022-11-01,336984,2022,11,1
2022-11-02,344595,2022,11,2
2022-11-03,392439,2022,11,3
2022-11-04,424307,2022,11,4
2022-11-05,457157,2022,11,5
2022-11-06,615357,2022,11,6
2022-11-07,335177,2022,11,0
2022-11-08,275536,2022,11,1
2022-11-09,248295,2022,11,2
2022-11-10,402531,2022,11,3
2022-11-11,413347,2022,11,4
2022-11-12,464747,2022,11,5
2022-11-13,378230,2022,11,6
2022-11-14,422125,2022,11,0
2022-11-15,324485,2022,11,1
2022-11-16,278040,2022,11,2
2022-11-17,392198,2022,11,3
2022-11-18,462179,2022,11,4
2022-11-19,478357,2022,11,5
2022-11-20,468063,2022,11,6
2022-11-21,428109,2022,11,0
2022-11-22,324794,2022,11,1
2022-11-23,265603,2022,11,2
2022-11-24,385272,2022,11,3
2022-11-25,512220,2022,11,4
2022-11-26,403058,2022,11,5
2022-11-27,377261,2022,11,6
2022-11-28,406568,2022,11,0
2022-11-29,303493,2022,11,1
2022-11-30,268257,2022,11,2
2022-12-01,374565,2022,12,3
2022-12-02,434138,2022,12,4
2022-12-03,429123,2022,12,5
2022-12-04,502441,2022,12,6
2022-12-05,350637,2022,12,0
2022-12-06,281464,2022,12,1
2022-12-07,262964,2022,12,2
2022-12-08,339712,2022,12,3
2022-12-09,510742,2022,12,4
2022-12-10,445432,2022,12,5
2022-12-11,478710,2022,12,6
2022-12-12,337614,2022,12,0
2022-12-13,267689,2022,12,1
2022-12-14,311003,2022,12,2
2022-12-15,500433,2022,12,3
2022-12-16,377003,2022,12,4
2022-12-17,460407,2022,12,5
2022-12-18,489228,2022,12,6
2022-12-19,373076,2022,12,0
2022-12-20,313705,2022,12,1
2022-12-21,264081,2022,12,2
2022-12-22,403687,2022,12,3
2022-12-23,445327,2022,12,4
2022-12-24,527152,2022,12,5
2022-12-25,438077,2022,12,6
2022-12-26,383581,2022,12,0
2022-12-27,316485,2022,12,1
2022-12-28,259417,2022,12,2
2022-12-29,400304,2022,12,3
2022-12-30,384223,2022,12,4
2022-12-31,418739,2022,12,5
2023-01-01,339347,2023,1,6
2023-01-02,249171,2023,1,0
2023-01-03,190188,2023,1,1
2023-01-04,211060,2023,1,2
2023-01-05,260552,2023,1,3
2023-01-06,353752,2023,1,4
2023-01-07,333906,2023,1,5
2023-01-08,341097,2023,1,6
2023-01-09,310892,2023,1,0
2023-01-10,207574,2023,1,1
2023-01-11,232094,2023,1,2
2023-01-12,301773,2023,1,3
2023-01-13,309747,2023,1,4
2023-01-14,369124,2023,1,5
2023-01-15,335481,2023,1,6
2023-01-16,265655,2023,1,0
2023-01-17,206741,2023,1,1
2023-01-18,223515,2023,1,2
2023-01-19,289156,2023,1,3
2023-01-20,386423,2023,1,4
2023-01-21,362371,2023,1,5
2023-01-22,343956,2023,1,6
2023-01-23,248192,2023,1,0
2023-01-24,197526,2023,1,1
2023-01-25,202583,2023,1,2
2023-01-26,295837,2023,1,3
2023-01-27,347688,2023,1,4
2023-01-28,332398,2023,1,5
2023-01-29,330790,2023,1,6
2023-01-30,296496,2023,1,0
2023-01-31,183872,2023,1,1
2023-02-01,235245,2023,2,2
2023-02-02,219952,2023,2,3
2023-02-03,374428,2023,2,4
2023-02-04,325380,2023,2,5
2023-02-05,359627,2023,2,6
2023-02-06,286633,2023,2,0
2023-02-07,208102,2023,2,1
2023-02-08,212290,2023,2,2
2023-02-09,298947,2023,2,3
2023-02-10,316108,2023,2,4
2023-02-11,360680,2023,2,5
2023-02-12,291410,2023,2,6
2023-02-13,276423,2023,2,0
2023-02-14,217956,2023,2,1
2023-02-15,221155,2023,2,2
2023-02-16,289315,2023,2,3
2023-02-17,313998,2023,2,4
2023-02-18,356166,2023,2,5
2023-02-19,304978,2023,2,6
2023-02-20,325009,2023,2,0
2023-02-21,199438,2023,2,1
2023-02-22,170173,2023,2,2
2023-02-23,243529,2023,2,3
2023-02-24,328283,2023,2,4
2023-02-25,331427,2023,2,5
2023-02-26,391236,2023,2,6
2023-02-27,247849,2023,2,0
2023-02-28,201935,2023,2,1
2023-03-01,224791,2023,3,2
2023-03-02,328682,2023,3,3
2023-03-03,477373,2023,3,4
2023-03-04,362143,2023,3,5
2023-03-05,432555,2023,3,6
2023-03-06,359297,2023,3,0
2023-03-07,250820,2023,3,1
2023-03-08,264488,2023,3,2
2023-03-09,305610,2023,3,3
2023-03-10,476243,2023,3,4
2023-03-11,487214,2023,3,5
2023-03-12,410495,2023,3,6
2023-03-13,429484,2023,3,0
2023-03-14,241395,2023,3,1
2023-03-15,261495,2023,3,2
2023-03-16,395216,2023,3,3
2023-03-17,389817,2023,3,4
2023-03-18,352124,2023,3,5
2023-03-19,342720,2023,3,6
2023-03-20,416959,2023,3,0
2023-03-21,238126,2023,3,1
2023-03-22,246758,2023,3,2
2023-03-23,307244,2023,3,3
2023-03-24,447317,2023,3,4
2023-03-25,376638,2023,3,5
2023-03-26,388499,2023,3,6
2023-03-27,356068,2023,3,0
2023-03-28,224674,2023,3,1
2023-03-29,246937,2023,3,2
2023-03-30,394190,2023,3,3
2023-03-31,426068,2023,3,4
2023-04-01,413904,2023,4,5
2023-04-02,417349,2023,4,6
2023-04-03,332261,2023,4,0
2023-04-04,301616,2023,4,1
2023-04-05,231008,2023,4,2
2023-04-06,353006,2023,4,3
2023-04-07,413270,2023,4,4
2023-04-08,449786,2023,4,5
2023-04-09,453643,2023,4,6
2023-04-10,344607,2023,4,0
2023-04-11,258736,2023,4,1
2023-04-12,259688,2023,4,2
2023-04-13,267162,2023,4,3
2023-04-14,343649,2023,4,4
2023-04-15,383849,2023,4,5
2023-04-16,385625,2023,4,6
2023-04-17,304253,2023,4,0
2023-04-18,270274,2023,4,1
2023-04-19,251481,2023,4,2
2023-04-20,338291,2023,4,3
2023-04-21,357248,2023,4,4
2023-04-22,406751,2023,4,5
2023-04-23,301252,2023,4,6
2023-04-24,340080,2023,4,0
2023-04-25,253016,2023,4,1
2023-04-26,257510,2023,4,2
2023-04-27,291640,2023,4,3
2023-04-28,417756,2023,4,4
2023-04-29,366021,2023,4,5
2023-04-30,375375,2023,4,6
2023-05-01,370533,2023,5,0
2023-05-02,302068,2023,5,1
2023-05-03,252719,2023,5,2
2023-05-04,317465,2023,5,3
2023-05-05,416279,2023,5,4
2023-05-06,446937,2023,5,5
2023-05-07,433943,2023,5,6
2023-05-08,440547,2023,5,0
2023-05-09,233442,2023,5,1
2023-05-10,257769,2023,5,2
2023-05-11,399262,2023,5,3
2023-05-12,469291,2023,5,4
2023-05-13,328896,2023,5,5
2023-05-14,408433,2023,5,6
2023-05-15,397035,2023,5,0
2023-05-16,324106,2023,5,1
2023-05-17,269123,2023,5,2
2023-05-18,332996,2023,5,3
2023-05-19,367337,2023,5,4
2023-05-20,499222,2023,5,5
2023-05-21,438345,2023,5,6
2023-05-22,316395,2023,5,0
2023-05-23,246320,2023,5,1
2023-05-24,259226,2023,5,2
2023-05-25,364514,2023,5,3
2023-05-26,371815,2023,5,4
2023-05-27,383476,2023,5,5
2023-05-28,341036,2023,5,6
2023-05-29,381660,2023,5,0
2023-05-30,242838,2023,5,1
2023-05-31,263152,2023,5,2
2023-06-01,473860,2023,6,3
2023-06-02,501064,2023,6,4
2023-06-03,484746,2023,6,5
2023-06-04,499792,2023,6,6
2023-06-05,417478,2023,6,0
2023-06-06,339312,2023,6,1
2023-06-07,311092,2023,6,2
2023-06-08,392272,2023,6,3
2023-06-09,541659,2023,6,4
2023-06-10,550613,2023,6,5
2023-06-11,424668,2023,6,6
2023-06-12,478445,2023,6,0
2023-06-13,312717,2023,6,1
2023-06-14,310260,2023,6,2
2023-06-15,456617,2023,6,3
2023-06-16,462486,2023,6,4
2023-06-17,537066,2023,6,5
2023-06-18,471812,2023,6,6
2023-06-19,353667,2023,6,0
2023-06-20,271610,2023,6,1
2023-06-21,318821,2023,6,2
2023-06-22,375633,2023,6,3
2023-06-23,569224,2023,6,4
2023-06-24,548593,2023,6,5
2023-06-25,555661,2023,6,6
2023-06-26,420033,2023,6,0
2023-06-27,309494,2023,6,1
2023-06-28,265698,2023,6,2
2023-06-29,456167,2023,6,3
2023-06-30,508907,2023,6,4
2023-07-01,518099,2023,7,5
2023-07-02,573060,2023,7,6
2023-07-03,389718,2023,7,0
2023-07-04,297908,2023,7,1
2023-07-05,311570,2023,7,2
2023-07-06,376049,2023,7,3
2023-07-07,481087,2023,7,4
2023-07-08,514453,2023,7,5
2023-07-09,474330,2023,7,6
2023-07-10,469161,2023,7,0
2023-07-11,256127,2023,7,1
2023-07-12,335589,2023,7,2
2023-07-13,442286,2023,7,3
2023-07-14,462396,2023,7,4
2023-07-15,444962,2023,7,5
2023-07-16,388291,2023,7,6
2023-07-17,381868,2023,7,0
2023-07-18,333308,2023,7,1
2023-07-19,300021,2023,7,2
2023-07-20,463104,2023,7,3
2023-07-21,459893,2023,7,4
2023-07-22,524953,2023,7,5
2023-07-23,455107,2023,7,6
2023-07-24,374799,2023,7,0
2023-07-25,298481,2023,7,1
2023-07-26,281651,2023,7,2
2023-07-27,350851,2023,7,3
2023-07-28,481346,2023,7,4
2023-07-29,495503,2023,7,5
2023-07-30,552470,2023,7,6
2023-07-31,453721,2023,7,0
2023-08-01,338521,2023,8,1
2023-08-02,323448,2023,8,2
2023-08-03,428655,2023,8,3
2023-08-04,430031,2023,8,4
2023-08-05,497633,2023,8,5
2023-08-06,519544,2023,8,6
2023-08-07,475319,2023,8,0
2023-08-08,322420,2023,8,1
2023-08-09,339138,2023,8,2
2023-08-10,372043,2023,8,3
2023-08-11,474281,2023,8,4
2023-08-12,511335,2023,8,5
2023-08-13,547204,2023,8,6
2023-08-14,408832,2023,8,0
2023-08-15,299226,2023,8,1
2023-08-16,322445,2023,8,2
2023-08-17,368149,2023,8,3
2023-08-18,569093,2023,8,4
2023-08-19,447182,2023,8,5
2023-08-20,396219,2023,8,6
2023-08-21,415274,2023,8,0
2023-08-22,352958,2023,8,1
2023-08-23,319408,2023,8,2
2023-08-24,446016,2023,8,3
2023-08-25,492314,2023,8,4
2023-08-26,482814,2023,8,5
2023-08-27,414540,2023,8,6
2023-08-28,321124,2023,8,0
2023-08-29,307635,2023,8,1
2023-08-30,341315,2023,8,2
2023-08-31,429133,2023,8,3
2023-09-01,434049,2023,9,4
2023-09-02,473277,2023,9,5
2023-09-03,422003,2023,9,6
2023-09-04,341473,2023,9,0
2023-09-05,230847,2023,9,1
2023-09-06,302272,2023,9,2
2023-09-07,363917,2023,9,3
2023-09-08,370018,2023,9,4
2023-09-09,360720,2023,9,5
2023-09-10,459767,2023,9,6
2023-09-11,309848,2023,9,0
2023-09-12,298038,2023,9,1
2023-09-13,182122,2023,9,2
2023-09-14,394895,2023,9,3
2023-09-15,428464,2023,9,4
2023-09-16,413416,2023,9,5
2023-09-17,401402,2023,9,6
2023-09-18,411079,2023,9,0
2023-09-19,269205,2023,9,1
2023-09-20,228718,2023,9,2
2023-09-21,286288,2023,9,3
2023-09-22,415814,2023,9,4
2023-09-23,408527,2023,9,5
2023-09-24,346473,2023,9,6
2023-09-25,343798,2023,9,0
2023-09-26,236997,2023,9,1
2023-09-27,251661,2023,9,2
2023-09-28,370810,2023,9,3
2023-09-29,469554,2023,9,4
2023-09-30,445705,2023,9,5
2023-10-01,379095,2023,10,6
2023-10-02,358467,2023,10,0
2023-10-03,253014,2023,10,1
2023-10-04,217934,2023,10,2
2023-10-05,359481,2023,10,3
2023-10-06,484429,2023,10,4
2023-10-07,409895,2023,10,5
2023-10-08,343437,2023,10,6
2023-10-09,346760,2023,10,0
2023-10-10,220911,2023,10,1
2023-10-11,273141,2023,10,2
2023-10-12,363859,2023,10,3
2023-10-13,401588,2023,10,4
2023-10-14,395040,2023,10,5
2023-10-15,399899,2023,10,6
2023-10-16,346000,2023,10,0
2023-10-17,232011,2023,10,1
2023-10-18,216536,2023,10,2
2023-10-19,385080,2023,10,3
2023-10-20,392824,2023,10,4
2023-10-21,415395,2023,10,5
2023-10-22,420226,2023,10,6
2023-10-23,356846,2023,10,0
2023-10-24,221914,2023,10,1
2023-10-25,209292,2023,10,2
2023-10-26,325362,2023,10,3
2023-10-27,424738,2023,10,4
2023-10-28,378829,2023,10,5
2023-10-29,394069,2023,10,6
2023-10-30,419257,2023,10,0
2023-10-31,205028,2023,10,1
2023-11-01,267310,2023,11,2
2023-11-02,472974,2023,11,3
2023-11-03,467761,2023,11,4
2023-11-04,436685,2023,11,5
2023-11-05,524772,2023,11,6
2023-11-06,399766,2023,11,0
2023-11-07,279070,2023,11,1
2023-11-08,294704,2023,11,2
2023-11-09,371406,2023,11,3
2023-11-10,422049,2023,11,4
2023-11-11,464519,2023,11,5
2023-11-12,422354,2023,11,6
2023-11-13,397996,2023,11,0
2023-11-14,299389,2023,11,1
2023-11-15,313807,2023,11,2
2023-11-16,442414,2023,11,3
2023-11-17,450793,2023,11,4
2023-11-18,493322,2023,11,5
2023-11-19,492998,2023,11,6
2023-11-20,410604,2023,11,0
2023-11-21,275278,2023,11,1
2023-11-22,259416,2023,11,2
2023-11-23,417529,2023,11,3
2023-11-24,389658,2023,11,4
2023-11-25,457272,2023,11,5
2023-11-26,349872,2023,11,6
2023-11-27,344439,2023,11,0
2023-11-28,263780,2023,11,1
2023-11-29,320852,2023,11,2
2023-11-30,424928,2023,11,3
2023-12-01,443829,2023,12,4
2023-12-02,504126,2023,12,5
2023-12-03,511562,2023,12,6
2023-12-04,391183,2023,12,0
2023-12-05,249113,2023,12,1
2023-12-06,283130,2023,12,2
2023-12-07,393679,2023,12,3
2023-12-08,411949,2023,12,4
2023-12-09,487102,2023,12,5
2023-12-10,483004,2023,12,6
2023-12-11,415264,2023,12,0
2023-12-12,297206,2023,12,1
2023-12-13,310244,2023,12,2
2023-12-14,390441,2023,12,3
2023-12-15,479338,2023,12,4
2023-12-16,451168,2023,12,5
2023-12-17,442393,2023,12,6
2023-12-18,450775,2023,12,0
2023-12-19,230048,2023,12,1
2023-12-20,314492,2023,12,2
2023-12-21,372900,2023,12,3
2023-12-22,434615,2023,12,4
2023-12-23,482147,2023,12,5
2023-12-24,399866,2023,12,6
2023-12-25,365128,2023,12,0
2023-12-26,264589,2023,12,1
2023-12-27,282740,2023,12,2
2023-12-28,365600,2023,12,3
2023-12-29,545086,2023,12,4
2023-12-30,554291,2023,12,5
2023-12-31,374852,2023,12,6
2024-01-01,291625,2024,1,0
2024-01-02,218413,2024,1,1
2024-01-03,212063,2024,1,2
2024-01-04,258369,2024,1,3
2024-01-05,318878,2024,1,4
2024-01-06,302399,2024,1,5
2024-01-07,313120,2024,1,6
2024-01-08,243106,2024,1,0
2024-01-09,198833,2024,1,1
2024-01-10,170914,2024,1,2
2024-01-11,271035,2024,1,3
2024-01-12,286046,2024,1,4
2024-01-13,333616,2024,1,5
2024-01-14,304649,2024,1,6
2024-01-15,284607,2024,1,0
2024-01-16,222897,2024,1,1
2024-01-17,233112,2024,1,2
2024-01-18,206653,2024,1,3
2024-01-19,299590,2024,1,4
2024-01-20,316950,2024,1,5
2024-01-21,341903,2024,1,6
2024-01-22,230926,2024,1,0
2024-01-23,181387,2024,1,1
2024-01-24,203764,2024,1,2
2024-01-25,278918,2024,1,3
2024-01-26,339199,2024,1,4
2024-01-27,341358,2024,1,5
2024-01-28,337924,2024,1,6
2024-01-29,281926,2024,1,0
2024-01-30,202263,2024,1,1
2024-01-31,214513,2024,1,2
2024-02-01,214637,2024,2,3
2024-02-02,377334,2024,2,4
2024-02-03,254801,2024,2,5
2024-02-04,291583,2024,2,6
2024-02-05,270299,2024,2,0
2024-02-06,214671,2024,2,1
2024-02-07,140894,2024,2,2
2024-02-08,275793,2024,2,3
2024-02-09,352756,2024,2,4
2024-02-10,359363,2024,2,5
2024-02-11,304064,2024,2,6
2024-02-12,268250,2024,2,0
2024-02-13,188748,2024,2,1
2024-02-14,193243,2024,2,2
2024-02-15,248033,2024,2,3
2024-02-16,297791,2024,2,4
2024-02-17,341054,2024,2,5
2024-02-18,331158,2024,2,6
2024-02-19,290166,2024,2,0
2024-02-20,205446,2024,2,1
2024-02-21,215309,2024,2,2
2024-02-22,300859,2024,2,3
2024-02-23,269927,2024,2,4
2024-02-24,298933,2024,2,5
2024-02-25,319294,2024,2,6
2024-02-26,275943,2024,2,0
2024-02-27,187663,2024,2,1
2024-02-28,219486,2024,2,2
2024-02-29,331330,2024,2,3
2024-03-01,416177,2024,3,4
2024-03-02,412016,2024,3,5
2024-03-03,443277,2024,3,6
2024-03-04,281209,2024,3,0
2024-03-05,252143,2024,3,1
2024-03-06,276043,2024,3,2
2024-03-07,323479,2024,3,3
2024-03-08,358457,2024,3,4
2024-03-09,400979,2024,3,5
2024-03-10,406091,2024,3,6
2024-03-11,314300,2024,3,0
2024-03-12,304131,2024,3,1
2024-03-13,239392,2024,3,2
2024-03-14,305830,2024,3,3
2024-03-15,404745,2024,3,4
2024-03-16,445663,2024,3,5
2024-03-17,409282,2024,3,6
2024-03-18,362501,2024,3,0
2024-03-19,229515,2024,3,1
2024-03-20,288832,2024,3,2
2024-03-21,365133,2024,3,3
2024-03-22,451377,2024,3,4
2024-03-23,423490,2024,3,5
2024-03-24,442273,2024,3,6
2024-03-25,315531,2024,3,0
2024-03-26,239072,2024,3,1
2024-03-27,285282,2024,3,2
2024-03-28,399636,2024,3,3
2024-03-29,361705,2024,3,4
2024-03-30,418774,2024,3,5
2024-03-31,390963,2024,3,6
2024-04-01,321616,2024,4,0
2024-04-02,258589,2024,4,1
2024-04-03,280115,2024,4,2
2024-04-04,361328,2024,4,3
2024-04-05,395516,2024,4,4
2024-04-06,429606,2024,4,5
2024-04-07,393863,2024,4,6
2024-04-08,359961,2024,4,0
2024-04-09,286539,2024,4,1
2024-04-10,199202,2024,4,2
2024-04-11,373276,2024,4,3
2024-04-12,345689,2024,4,4
2024-04-13,458756,2024,4,5
2024-04-14,382543,2024,4,6
2024-04-15,303617,2024,4,0
2024-04-16,268909,2024,4,1
2024-04-17,260584,2024,4,2
2024-04-18,311170,2024,4,3
2024-04-19,357377,2024,4,4
2024-04-20,400911,2024,4,5
2024-04-21,359375,2024,4,6
2024-04-22,309017,2024,4,0
2024-04-23,254335,2024,4,1
2024-04-24,227143,2024,4,2
2024-04-25,360460,2024,4,3
2024-04-26,469453,2024,4,4
2024-04-27,402501,2024,4,5
2024-04-28,413888,2024,4,6
2024-04-29,415482,2024,4,0
2024-04-30,221568,2024,4,1
2024-05-01,281378,2024,5,2
2024-05-02,382735,2024,5,3
2024-05-03,443475,2024,5,4
2024-05-04,461348,2024,5,5
2024-05-05,420034,2024,5,6
2024-05-06,325561,2024,5,0
2024-05-07,278948,2024,5,1
2024-05-08,279910,2024,5,2
2024-05-09,383926,2024,5,3
2024-05-10,410389,2024,5,4
2024-05-11,379309,2024,5,5
2024-05-12,416389,2024,5,6
2024-05-13,378288,2024,5,0
2024-05-14,277183,2024,5,1
2024-05-15,240624,2024,5,2
2024-05-16,356616,2024,5,3
2024-05-17,355098,2024,5,4
2024-05-18,448813,2024,5,5
2024-05-19,376567,2024,5,6
2024-05-20,372861,2024,5,0
2024-05-21,222531,2024,5,1
2024-05-22,277360,2024,5,2
2024-05-23,356840,2024,5,3
2024-05-24,376646,2024,5,4
2024-05-25,436817,2024,5,5
2024-05-26,384450,2024,5,6
2024-05-27,371627,2024,5,0
2024-05-28,244536,2024,5,1
2024-05-29,208156,2024,5,2
2024-05-30,311750,2024,5,3
2024-05-31,390985,2024,5,4
2024-06-01,557365,2024,6,5
2024-06-02,534466,2024,6,6
2024-06-03,482224,2024,6,0
2024-06-04,351606,2024,6,1
2024-06-05,285579,2024,6,2
2024-06-06,407037,2024,6,3
2024-06-07,470120,2024,6,4
2024-06-08,457361,2024,6,5
2024-06-09,399999,2024,6,6
2024-06-10,414245,2024,6,0
2024-06-11,262926,2024,6,1
2024-06-12,300682,2024,6,2
2024-06-13,502631,2024,6,3
2024-06-14,465312,2024,6,4
2024-06-15,499834,2024,6,5
2024-06-16,534736,2024,6,6
2024-06-17,426485,2024,6,0
2024-06-18,310538,2024,6,1
2024-06-19,290779,2024,6,2
2024-06-20,405237,2024,6,3
2024-06-21,443217,2024,6,4
2024-06-22,531765,2024,6,5
2024-06-23,404902,2024,6,6
2024-06-24,455143,2024,6,0
2024-06-25,259362,2024,6,1
2024-06-26,330757,2024,6,2
2024-06-27,400178,2024,6,3
2024-06-28,429888,2024,6,4
2024-06-29,518687,2024,6,5
2024-06-30,535821,2024,6,6
2024-07-01,396683,2024,7,0
2024-07-02,323455,2024,7,1
2024-07-03,232769,2024,7,2
2024-07-04,360071,2024,7,3
2024-07-05,553649,2024,7,4
2024-07-06,479318,2024,7,5
2024-07-07,398983,2024,7,6
2024-07-08,385864,2024,7,0
2024-07-09,273853,2024,7,1
2024-07-10,296706,2024,7,2
2024-07-11,399476,2024,7,3
2024-07-12,499057,2024,7,4
2024-07-13,486879,2024,7,5
2024-07-14,556950,2024,7,6
2024-07-15,432469,2024,7,0
2024-07-16,315522,2024,7,1
2024-07-17,336868,2024,7,2
2024-07-18,398728,2024,7,3
2024-07-19,428417,2024,7,4
2024-07-20,549460,2024,7,5
2024-07-21,496945,2024,7,6
2024-07-22,420638,2024,7,0
2024-07-23,282605,2024,7,1
2024-07-24,283102,2024,7,2
2024-07-25,449983,2024,7,3
2024-07-26,538561,2024,7,4
2024-07-27,528714,2024,7,5
2024-07-28,529162,2024,7,6
2024-07-29,438463,2024,7,0
2024-07-30,305682,2024,7,1
2024-07-31,296422,2024,7,2
2024-08-01,465068,2024,8,3
2024-08-02,471962,2024,8,4
2024-08-03,508424,2024,8,5
2024-08-04,450865,2024,8,6
2024-08-05,387505,2024,8,0
2024-08-06,294588,2024,8,1
2024-08-07,277458,2024,8,2
2024-08-08,447956,2024,8,3
2024-08-09,424192,2024,8,4
2024-08-10,495150,2024,8,5
2024-08-11,496781,2024,8,6
2024-08-12,339734,2024,8,0
2024-08-13,288407,2024,8,1
2024-08-14,309428,2024,8,2
2024-08-15,432643,2024,8,3
2024-08-16,480268,2024,8,4
2024-08-17,523471,2024,8,5
2024-08-18,484925,2024,8,6
2024-08-19,415423,2024,8,0
2024-08-20,309306,2024,8,1
2024-08-21,329682,2024,8,2
2024-08-22,386824,2024,8,3
2024-08-23,466416,2024,8,4
2024-08-24,457490,2024,8,5
2024-08-25,473997,2024,8,6
2024-08-26,474025,2024,8,0
2024-08-27,318993,2024,8,1
2024-08-28,267587,2024,8,2
2024-08-29,389947,2024,8,3
2024-08-30,508561,2024,8,4
2024-08-31,445840,2024,8,5
2024-09-01,378935,2024,9,6
2024-09-02,392211,2024,9,0
2024-09-03,236006,2024,9,1
2024-09-04,275430,2024,9,2
2024-09-05,389112,2024,9,3
2024-09-06,378603,2024,9,4
2024-09-07,372209,2024,9,5
2024-09-08,397289,2024,9,6
2024-09-09,308078,2024,9,0
2024-09-10,254471,2024,9,1
2024-09-11,246257,2024,9,2
2024-09-12,358179,2024,9,3
2024-09-13,465646,2024,9,4
2024-09-14,441971,2024,9,5
2024-09-15,428559,2024,9,6
2024-09-16,277744,2024,9,0
2024-09-17,262575,2024,9,1
2024-09-18,294739,2024,9,2
2024-09-19,241636,2024,9,3
2024-09-20,436737,2024,9,4
2024-09-21,402060,2024,9,5
2024-09-22,373850,2024,9,6
2024-09-23,373410,2024,9,0
2024-09-24,294414,2024,9,1
2024-09-25,270919,2024,9,2
2024-09-26,332881,2024,9,3
2024-09-27,370023,2024,9,4
2024-09-28,414480,2024,9,5
2024-09-29,444246,2024,9,6
2024-09-30,332333,2024,9,0
2024-10-01,244126,2024,10,1
2024-10-02,322380,2024,10,2
2024-10-03,383004,2024,10,3
2024-10-04,455561,2024,10,4
2024-10-05,348907,2024,10,5
2024-10-06,379677,2024,10,6
2024-10-07,348295,2024,10,0
2024-10-08,226256,2024,10,1
2024-10-09,291666,2024,10,2
2024-10-10,394470,2024,10,3
2024-10-11,386771,2024,10,4
2024-10-12,481456,2024,10,5
2024-10-13,408397,2024,10,6
2024-10-14,435232,2024,10,0
2024-10-15,255065,2024,10,1
2024-10-16,265915,2024,10,2
2024-10-17,394110,2024,10,3
2024-10-18,460771,2024,10,4
2024-10-19,429438,2024,10,5
2024-10-20,402804,2024,10,6
2024-10-21,363488,2024,10,0
2024-10-22,230906,2024,10,1
2024-10-23,255253,2024,10,2
2024-10-24,307363,2024,10,3
2024-10-25,335809,2024,10,4
2024-10-26,410631,2024,10,5
2024-10-27,460144,2024,10,6
2024-10-28,377720,2024,10,0
2024-10-29,249368,2024,10,1
2024-10-30,295352,2024,10,2
2024-10-31,326040,2024,10,3
2024-11-01,379746,2024,11,4
2024-11-02,367329,2024,11,5
2024-11-03,414357,2024,11,6
2024-11-04,430037,2024,11,0
2024-11-05,270787,2024,11,1
2024-11-06,302470,2024,11,2
2024-11-07,463022,2024,11,3
2024-11-08,418168,2024,11,4
2024-11-09,492339,2024,11,5
2024-11-10,495180,2024,11,6
2024-11-11,363350,2024,11,0
2024-11-12,328297,2024,11,1
2024-11-13,280823,2024,11,2
2024-11-14,382314,2024,11,3
2024-11-15,569072,2024,11,4
2024-11-16,494419,2024,11,5
2024-11-17,513332,2024,11,6
2024-11-18,451437,2024,11,0
2024-11-19,270334,2024,11,1
2024-11-20,325279,2024,11,2
2024-11-21,377617,2024,11,3
2024-11-22,444267,2024,11,4
2024-11-23,457076,2024,11,5
2024-11-24,440628,2024,11,6
2024-11-25,430257,2024,11,0
2024-11-26,296868,2024,11,1
2024-11-27,274938,2024,11,2
2024-11-28,424387,2024,11,3
2024-11-29,456927,2024,11,4
2024-11-30,454442,2024,11,5
2024-12-01,472144,2024,12,6
2024-12-02,415996,2024,12,0
2024-12-03,300414,2024,12,1
2024-12-04,278638,2024,12,2
2024-12-05,431249,2024,12,3
2024-12-06,459407,2024,12,4
2024-12-07,439082,2024,12,5
2024-12-08,400880,2024,12,6
2024-12-09,436659,2024,12,0
2024-12-10,289500,2024,12,1
2024-12-11,295239,2024,12,2
2024-12-12,439149,2024,12,3
2024-12-13,447425,2024,12,4
2024-12-14,405279,2024,12,5
2024-12-15,473135,2024,12,6
2024-12-16,409814,2024,12,0
2024-12-17,281541,2024,12,1
2024-12-18,331753,2024,12,2
2024-12-19,298728,2024,12,3
2024-12-20,522483,2024,12,4
2024-12-21,507029,2024,12,5
2024-12-22,491318,2024,12,6
2024-12-23,264945,2024,12,0
2024-12-24,326264,2024,12,1
2024-12-25,259463,2024,12,2
2024-12-26,377386,2024,12,3
2024-12-27,461841,2024,12,4
2024-12-28,488999,2024,12,5
2024-12-29,499900,2024,12,6
2024-12-30,433067,2024,12,0
2024-12-31,312731,2024,12,1
